timestamp,original,mimetype,digest,status,outfile,bytes,error
"20040919101610","http://millsberry.com/","text/html","P3C4LV3V4LMACT3G4DQ7PHBCEQ42KQLS","downloaded",".\official-recovered\millsberry.com\20040919101610__P3C4LV3V4LMACT3G4DQ7PHBCEQ42KQLS__index.html",26485,""
"20110329143255","http://www.millsberry.com/1.1","text/html","72TFJXOSQ7U66BYV3CZTTTFSPGH5EJIL","downloaded",".\official-recovered\www.millsberry.com\20110329143255__72TFJXOSQ7U66BYV3CZTTTFSPGH5EJIL__1.1",13508,""
"20110329143259","http://www.millsberry.com/1.2","text/html","72TFJXOSQ7U66BYV3CZTTTFSPGH5EJIL","downloaded",".\official-recovered\www.millsberry.com\20110329143259__72TFJXOSQ7U66BYV3CZTTTFSPGH5EJIL__1.2",13508,""
"20110329143258","http://www.millsberry.com/1.3","text/html","72TFJXOSQ7U66BYV3CZTTTFSPGH5EJIL","downloaded",".\official-recovered\www.millsberry.com\20110329143258__72TFJXOSQ7U66BYV3CZTTTFSPGH5EJIL__1.3",13508,""
"20110329143257","http://www.millsberry.com/1.4","text/html","72TFJXOSQ7U66BYV3CZTTTFSPGH5EJIL","downloaded",".\official-recovered\www.millsberry.com\20110329143257__72TFJXOSQ7U66BYV3CZTTTFSPGH5EJIL__1.4",13508,""
"20110329143237","http://www.millsberry.com/1.4.4","text/html","72TFJXOSQ7U66BYV3CZTTTFSPGH5EJIL","downloaded",".\official-recovered\www.millsberry.com\20110329143237__72TFJXOSQ7U66BYV3CZTTTFSPGH5EJIL__1.4.4",13508,""
"20110329143256","http://www.millsberry.com/1.5","text/html","72TFJXOSQ7U66BYV3CZTTTFSPGH5EJIL","downloaded",".\official-recovered\www.millsberry.com\20110329143256__72TFJXOSQ7U66BYV3CZTTTFSPGH5EJIL__1.5",13508,""
"20070329034124","http://www.millsberry.com:80/404_ERROR.phtml","text/html","H4CCBRFGKHRIAHLAKTEBYGCYG32G7V2O","downloaded",".\official-recovered\www.millsberry.com\20070329034124__H4CCBRFGKHRIAHLAKTEBYGCYG32G7V2O__404_ERROR.phtml",1555,""
"20110329143254","http://www.millsberry.com/8.0.0","text/html","72TFJXOSQ7U66BYV3CZTTTFSPGH5EJIL","downloaded",".\official-recovered\www.millsberry.com\20110329143254__72TFJXOSQ7U66BYV3CZTTTFSPGH5EJIL__8.0.0",13508,""
"20080723015115","http://millsberry.com:80/999_DB_ERROR.phtml","text/html","E7CXBYWBTVOCXNDTVHACGXFEQDNJSMXF","failed",".\official-recovered\millsberry.com\20080723015115__E7CXBYWBTVOCXNDTVHACGXFEQDNJSMXF__999_DB_ERROR.phtml",0,"A connection attempt failed because the connected party did not properly respond after a period of time, or established connection failed because connected host has failed to respond. (web.archive.org:443)"
"20130714021031","http://millsberry.com/?CSRT=6777650144276467587","text/html","RXBHHNQ4IIAYGJAMDJBJO7T36C2VII4L","downloaded",".\official-recovered\millsberry.com\20130714021031__RXBHHNQ4IIAYGJAMDJBJO7T36C2VII4L__index__q273805277.html",7517,""
"20090813081720","http://www.millsberry.com:80/?login=1","text/html","ZLVLSTPOKSLI7UDC4AOFSVD6XUGDXE2Q","failed",".\official-recovered\www.millsberry.com\20090813081720__ZLVLSTPOKSLI7UDC4AOFSVD6XUGDXE2Q__index__q1734755182.html",0,"A connection attempt failed because the connected party did not properly respond after a period of time, or established connection failed because connected host has failed to respond. (web.archive.org:443)"
"20091024175615","http://www.millsberry.com/?sc9ejf2=26134","text/html","PWFO6RCNRQT55DHBNNZDOGH75DMXDPNM","failed",".\official-recovered\www.millsberry.com\20091024175615__PWFO6RCNRQT55DHBNNZDOGH75DMXDPNM__index__q2034073265.html",0,"A connection attempt failed because the connected party did not properly respond after a period of time, or established connection failed because connected host has failed to respond. (web.archive.org:443)"
"20090831095441","http://www.millsberry.com/?sc9ejf2=41006","text/html","L53QC36ZCP7QXXYOHCD5SCDHGGNZ4FUQ","downloaded",".\official-recovered\www.millsberry.com\20090831095441__L53QC36ZCP7QXXYOHCD5SCDHGGNZ4FUQ__index__q371876838.html",11348,""
"20091024175329","http://www.millsberry.com/?sc9ejf2=44442","text/html","EW2OLMZIGYZZID6WGFUOZROKNQK3ZN3W","downloaded",".\official-recovered\www.millsberry.com\20091024175329__EW2OLMZIGYZZID6WGFUOZROKNQK3ZN3W__index__q647508796.html",11350,""
"20090831095329","http://www.millsberry.com/?sc9ejf2=52023","text/html","JIQWPJWT5OTXFTLOC7KXBFMRAUK5YZT4","downloaded",".\official-recovered\www.millsberry.com\20090831095329__JIQWPJWT5OTXFTLOC7KXBFMRAUK5YZT4__index__q1038287009.html",11348,""
"20080807021722","http://www.millsberry.com:80/?sc9ejf2=59351","text/html","E2GYJNFWD36REWQRNFULIZHEFIMMBK4B","failed",".\official-recovered\www.millsberry.com\20080807021722__E2GYJNFWD36REWQRNFULIZHEFIMMBK4B__index__q1929819597.html",0,"A connection attempt failed because the connected party did not properly respond after a period of time, or established connection failed because connected host has failed to respond. (web.archive.org:443)"
"20040712043040","http://www.millsberry.com:80/academy/","text/html","CVVDOZZNJMLSYQB7DYWSFH223KBUH6VP","failed",".\official-recovered\www.millsberry.com\academy\20040712043040__CVVDOZZNJMLSYQB7DYWSFH223KBUH6VP__.html",0,"A connection attempt failed because the connected party did not properly respond after a period of time, or established connection failed because connected host has failed to respond. (web.archive.org:443)"
"20040926041026","http://www.millsberry.com:80/academy/cafeteria/","text/html","DMPGCG23YCRXPJTYQRD7NMCQK4KUYS4J","downloaded",".\official-recovered\www.millsberry.com\academy\cafeteria\20040926041026__DMPGCG23YCRXPJTYQRD7NMCQK4KUYS4J__.html",9084,""
"20041014015449","http://www.millsberry.com:80/academy/cafeteria/index.phtml","text/html","ILPKF26JLF2ZD33HHTBGIQEHHYOPU5SG","downloaded",".\official-recovered\www.millsberry.com\academy\cafeteria\20041014015449__ILPKF26JLF2ZD33HHTBGIQEHHYOPU5SG__index.phtml",9084,""
"20040907042053","http://www.millsberry.com:80/academy/classroom/","text/html","YN4SVF47Z6DYVQAU7SRQS4B53CR76MQV","downloaded",".\official-recovered\www.millsberry.com\academy\classroom\20040907042053__YN4SVF47Z6DYVQAU7SRQS4B53CR76MQV__.html",24405,""
"20050906135226","http://www.millsberry.com:80/academy/classroom/index.phtml","text/html","5EABQG6ECGGJCQI6UIVLLRSTNFCYSL2Y","failed",".\official-recovered\www.millsberry.com\academy\classroom\20050906135226__5EABQG6ECGGJCQI6UIVLLRSTNFCYSL2Y__index.phtml",0,"A connection attempt failed because the connected party did not properly respond after a period of time, or established connection failed because connected host has failed to respond. (web.archive.org:443)"
"20040926045054","http://www.millsberry.com:80/academy/gym/","text/html","6JR4BP67GDMLN5HIN2BXQJOZVKIMUJC5","downloaded",".\official-recovered\www.millsberry.com\academy\gym\20040926045054__6JR4BP67GDMLN5HIN2BXQJOZVKIMUJC5__.html",18426,""
"20041027042400","http://www.millsberry.com:80/academy/gym/index.phtml","text/html","BHGPNYOC22KPBMWQWQM3VALO4BQN4MIE","downloaded",".\official-recovered\www.millsberry.com\academy\gym\20041027042400__BHGPNYOC22KPBMWQWQM3VALO4BQN4MIE__index.phtml",31957,""
"20041023053457","http://www.millsberry.com:80/academy/gym/whiteboard.phtml","text/html","DSL42EIJLTJYIBWRH7FEL3CQHEY2CSUU","downloaded",".\official-recovered\www.millsberry.com\academy\gym\20041023053457__DSL42EIJLTJYIBWRH7FEL3CQHEY2CSUU__whiteboard.phtml",9106,""
"20040907042807","http://www.millsberry.com:80/academy/hallway.phtml","text/html","L4DY3O5B55QJ7RBULJSTKM7LZ2BLHRFG","downloaded",".\official-recovered\www.millsberry.com\academy\20040907042807__L4DY3O5B55QJ7RBULJSTKM7LZ2BLHRFG__hallway.phtml",10637,""
"20041127044743","http://www.millsberry.com:80/academy/index.phtml","text/html","OZISGRYE3PSLNBZQYJSLF2BWWOXDKPBV","downloaded",".\official-recovered\www.millsberry.com\academy\20041127044743__OZISGRYE3PSLNBZQYJSLF2BWWOXDKPBV__index.phtml",10567,""
"20041122034614","http://www.millsberry.com:80/academy/lab/","text/html","WEHGFH3K2D6C3JVP6YMZ7ZCIW4OEBQJ6","downloaded",".\official-recovered\www.millsberry.com\academy\lab\20041122034614__WEHGFH3K2D6C3JVP6YMZ7ZCIW4OEBQJ6__.html",18109,""
"20041130014943","http://www.millsberry.com:80/academy/lab/index.phtml","text/html","7YT6KQE3AJBYV3BRD7EN57LO4ARPQFPJ","downloaded",".\official-recovered\www.millsberry.com\academy\lab\20041130014943__7YT6KQE3AJBYV3BRD7EN57LO4ARPQFPJ__index.phtml",18109,""
"20041122040618","http://www.millsberry.com:80/academy/lab/trivia.phtml","text/html","3DXINNNL6F7OEPMA3FNXZKRXIRXUHIZP","downloaded",".\official-recovered\www.millsberry.com\academy\lab\20041122040618__3DXINNNL6F7OEPMA3FNXZKRXIRXUHIZP__trivia.phtml",3422,""
"20061021190941","http://www.millsberry.com:80/academy/lab/trivia.phtml?width=500&height=500","text/html","NI6IKOQUAZM4FJBEUZMNA2DEDYVRMEUA","downloaded",".\official-recovered\www.millsberry.com\academy\lab\20061021190941__NI6IKOQUAZM4FJBEUZMNA2DEDYVRMEUA__trivia__q735241034.phtml",4360,""
"20041124042336","http://www.millsberry.com:80/academy/lab/trivia.phtml?intro=0","text/html","3DXINNNL6F7OEPMA3FNXZKRXIRXUHIZP","downloaded",".\official-recovered\www.millsberry.com\academy\lab\20041124042336__3DXINNNL6F7OEPMA3FNXZKRXIRXUHIZP__trivia__q1954073006.phtml",3422,""
"20041123145908","http://www.millsberry.com:80/academy/lab/trivia.phtml?intro=1","text/html","3I7LXKYOQBOKOVSJKQLNENB5WBTNEODG","downloaded",".\official-recovered\www.millsberry.com\academy\lab\20041123145908__3I7LXKYOQBOKOVSJKQLNENB5WBTNEODG__trivia__q2051157325.phtml",3479,""
"20041123150434","http://www.millsberry.com:80/academy/lab/trivia.phtml?st=1","text/html","QF5KY3IFJ4PDAV7Z3JDUIFJAN5AORYDZ","downloaded",".\official-recovered\www.millsberry.com\academy\lab\20041123150434__QF5KY3IFJ4PDAV7Z3JDUIFJAN5AORYDZ__trivia__q1584958410.phtml",49,""
"20040725043202","http://www.millsberry.com:80/account_confirmation.phtml","text/html","JVGLRTXDYWIGAL2RCN5PEP374XDAOR4F","downloaded",".\official-recovered\www.millsberry.com\20040725043202__JVGLRTXDYWIGAL2RCN5PEP374XDAOR4F__account_confirmation.phtml",8171,""
"20081102043150","http://millsberry.com:80/activities/batmanfru/batman.phtml","text/html","KPMCLY6ABYN4Y7634V5PQLYAFQ6VKAFX","failed",".\official-recovered\millsberry.com\activities\batmanfru\20081102043150__KPMCLY6ABYN4Y7634V5PQLYAFQ6VKAFX__batman.phtml",0,"A connection attempt failed because the connected party did not properly respond after a period of time, or established connection failed because connected host has failed to respond. (web.archive.org:443)"
"20110329143240","http://www.millsberry.com/application/x-www-form-urlencoded","text/html","72TFJXOSQ7U66BYV3CZTTTFSPGH5EJIL","downloaded",".\official-recovered\www.millsberry.com\application\20110329143240__72TFJXOSQ7U66BYV3CZTTTFSPGH5EJIL__x-www-form-urlencoded.html",13508,""
"20110719224112","http://www.millsberry.com/arcade","text/html","72TFJXOSQ7U66BYV3CZTTTFSPGH5EJIL","failed",".\official-recovered\www.millsberry.com\20110719224112__72TFJXOSQ7U66BYV3CZTTTFSPGH5EJIL__arcade.html",0,"A connection attempt failed because the connected party did not properly respond after a period of time, or established connection failed because connected host has failed to respond. (web.archive.org:443)"
"20110208171210","http://www.millsberry.com:80/arkade","text/html","72TFJXOSQ7U66BYV3CZTTTFSPGH5EJIL","failed",".\official-recovered\www.millsberry.com\20110208171210__72TFJXOSQ7U66BYV3CZTTTFSPGH5EJIL__arkade.html",0,"A connection attempt failed because the connected party did not properly respond after a period of time, or established connection failed because connected host has failed to respond. (web.archive.org:443)"
"20040723052451","http://www.millsberry.com:80/bank/","text/html","5GVROXAMJSBZUCCPXTYKSVVGFLCJFAZJ","downloaded",".\official-recovered\www.millsberry.com\bank\20040723052451__5GVROXAMJSBZUCCPXTYKSVVGFLCJFAZJ__.html",8883,""
"20040712044527","http://www.millsberry.com:80/bank/index.phtml","text/html","7OAYJEPKW4FYEPVYIA7TU2MCAOEV45RL","downloaded",".\official-recovered\www.millsberry.com\bank\20040712044527__7OAYJEPKW4FYEPVYIA7TU2MCAOEV45RL__index.phtml",13416,""
"20060207034427","http://www.millsberry.com:80/break_time.phtml?","text/html","RXWHHREBPJ23X4CHP2YK2OYHEPVLZTCL","downloaded",".\official-recovered\www.millsberry.com\20060207034427__RXWHHREBPJ23X4CHP2YK2OYHEPVLZTCL__break_time__q459954322.phtml",13137,""
"20070209073358","http://www.millsberry.com:80/break_time.phtml?g=L211c2V1bS9wYWludC8=","text/html","YZUG5C36BA5WYX5VYD77QS4434KOACI4","failed",".\official-recovered\www.millsberry.com\20070209073358__YZUG5C36BA5WYX5VYD77QS4434KOACI4__break_time__q134904878.phtml",0,"A connection attempt failed because the connected party did not properly respond after a period of time, or established connection failed because connected host has failed to respond. (web.archive.org:443)"
"20080909121721","http://www.millsberry.com:80/break_time.phtml?g=L21haW5fbWFwLnBodG1s","text/html","EUJES5UO3J5VWLJB6WYT3YM7OJWDIPFN","downloaded",".\official-recovered\www.millsberry.com\20080909121721__EUJES5UO3J5VWLJB6WYT3YM7OJWDIPFN__break_time__q935150486.phtml",5329,""
"20060411040910","http://www.millsberry.com:80/break_time.phtml?g=L21haW5fbWFwLnBodG1sP2xvY2F0aW9uPWRvd250b3du","text/html","WU23LTQWHGSPJ4HUTAVBTFSZ5XLPWUIF","downloaded",".\official-recovered\www.millsberry.com\20060411040910__WU23LTQWHGSPJ4HUTAVBTFSZ5XLPWUIF__break_time__q869675969.phtml",8982,""
"20081015113052","http://millsberry.com:80/break_time.phtml?g=L2dhbWVwYWdlcy9mbGFzaGdhbWVfY3RwLnBodG1sP2dhbWVfaWQ9MjQw","text/html","5QO2VXB3VUGL2ASVGR4A72IE6NF4JO2T","downloaded",".\official-recovered\millsberry.com\20081015113052__5QO2VXB3VUGL2ASVGR4A72IE6NF4JO2T__break_time__q869687634.phtml",5406,""
"20080815013901","http://www.millsberry.com:80/break_time.phtml?g=L2dhbWVwYWdlcy9mbGFzaGdhbWVfY3RwLnBodG1sP2dhbWVfaWQ9MjYw","text/html","MZN4MYLEEIW2AMT5RYZ5R4QYZSIVMQDB","failed",".\official-recovered\www.millsberry.com\20080815013901__MZN4MYLEEIW2AMT5RYZ5R4QYZSIVMQDB__break_time__q1389914547.phtml",0,"A connection attempt failed because the connected party did not properly respond after a period of time, or established connection failed because connected host has failed to respond. (web.archive.org:443)"
"20071111100717","http://www.millsberry.com:80/break_time.phtml?g=L2dhbWVwYWdlcy9mbGFzaGdhbWVfY3RwLnBodG1sP2dhbWVfaWQ9MTAw","text/html","2UW45GE4DT4O6TCK4KBN6FRV6DT3PWTY","downloaded",".\official-recovered\www.millsberry.com\20071111100717__2UW45GE4DT4O6TCK4KBN6FRV6DT3PWTY__break_time__q1066537883.phtml",4916,""
"20080627120227","http://www.millsberry.com:80/break_time.phtml?g=L2dhbWVwYWdlcy9mbGFzaGdhbWVfY3RwLnBodG1sP2dhbWVfaWQ9MTg=","text/html","FHMWJIPGVGGN2AXKRGRYJCPMPWAAKZDE","downloaded",".\official-recovered\www.millsberry.com\20080627120227__FHMWJIPGVGGN2AXKRGRYJCPMPWAAKZDE__break_time__q1740512389.phtml",5403,""
"20070703193840","http://www.millsberry.com:80/break_time.phtml?g=L2dhbWVwYWdlcy9mbGFzaGdhbWVfY3RwLnBodG1sP2dhbWVfaWQ9MTI=","text/html","QBI6MSADBT7UTWNESQJNVIYSKB3BULS3","downloaded",".\official-recovered\www.millsberry.com\20070703193840__QBI6MSADBT7UTWNESQJNVIYSKB3BULS3__break_time__q974712456.phtml",4239,""
"20080727004544","http://www.millsberry.com:80/break_time.phtml?g=L2dhbWVwYWdlcy9mbGFzaGdhbWVfY3RwLnBodG1sP2dhbWVfaWQ9MTk=","text/html","YTSUPQDKIGJMH6ESHKQ4DVUXPNKDHJVT","downloaded",".\official-recovered\www.millsberry.com\20080727004544__YTSUPQDKIGJMH6ESHKQ4DVUXPNKDHJVT__break_time__q501429022.phtml",5403,""
"20080415013513","http://www.millsberry.com:80/break_time.phtml?g=L2dhbWVwYWdlcy9mbGFzaGdhbWVfY3RwLnBodG1sP2dhbWVfaWQ9MTM=","text/html","XMYZIUJEDVDHMO4RYHP2DABXXW3H3557","downloaded",".\official-recovered\www.millsberry.com\20080415013513__XMYZIUJEDVDHMO4RYHP2DABXXW3H3557__break_time__q1124015366.phtml",5403,""
"20080817045730","http://www.millsberry.com:80/break_time.phtml?g=L2dhbWVwYWdlcy9mbGFzaGdhbWVfY3RwLnBodG1sP2dhbWVfaWQ9MTQw","text/html","2NEUUVMBT3QWCSBP22AHL3HGN544G33B","downloaded",".\official-recovered\www.millsberry.com\20080817045730__2NEUUVMBT3QWCSBP22AHL3HGN544G33B__break_time__q1243904530.phtml",5400,""
"20070225085322","http://www.millsberry.com:80/break_time.phtml?g=L2dhbWVwYWdlcy9mbGFzaGdhbWVfY3RwLnBodG1sP2dhbWVfaWQ9MTYw","text/html","IUD4F356QKPFRPFXEHIKOUDUVPT5LNVV","downloaded",".\official-recovered\www.millsberry.com\20070225085322__IUD4F356QKPFRPFXEHIKOUDUVPT5LNVV__break_time__q948084444.phtml",4950,""
"20071113152907","http://www.millsberry.com:80/break_time.phtml?g=L2dhbWVwYWdlcy9mbGFzaGdhbWVfY3RwLnBodG1sP2dhbWVfaWQ9MzAw","text/html","2CQAHQG6GURV7BK2CCEDGACQS3WBFS2K","downloaded",".\official-recovered\www.millsberry.com\20071113152907__2CQAHQG6GURV7BK2CCEDGACQS3WBFS2K__break_time__q1615837079.phtml",4918,""
"20070212050437","http://www.millsberry.com:80/break_time.phtml?g=L2dhbWVwYWdlcy9mbGFzaGdhbWVfY3RwLnBodG1sP2dhbWVfaWQ9Mzgw","text/html","HGBEPLTDATPVYWTXDROS4CCENUXBEY6H","downloaded",".\official-recovered\www.millsberry.com\20070212050437__HGBEPLTDATPVYWTXDROS4CCENUXBEY6H__break_time__q1298492434.phtml",4950,""
"20090114164443","http://www.millsberry.com:80/break_time.phtml?g=L2dhbWVwYWdlcy9mbGFzaGdhbWVfY3RwLnBodG1sP2dhbWVfaWQ9MzYw","text/html","RGIXOCEYOWOM67QP4NHISNRZLGQUXZRZ","downloaded",".\official-recovered\www.millsberry.com\20090114164443__RGIXOCEYOWOM67QP4NHISNRZLGQUXZRZ__break_time__q1443734337.phtml",5411,""
"20071212170412","http://www.millsberry.com:80/break_time.phtml?g=L2dhbWVwYWdlcy9mbGFzaGdhbWVfY3RwLnBodG1sP2dhbWVfaWQ9NDAw","text/html","UH5FF4FWE57UQ3SLKUHTUWN3QNBFGHMD","downloaded",".\official-recovered\www.millsberry.com\20071212170412__UH5FF4FWE57UQ3SLKUHTUWN3QNBFGHMD__break_time__q1802079113.phtml",4918,""
"20071228124505","http://millsberry.com:80/break_time.phtml?g=L2dhbWVwYWdlcy9mbGFzaGdhbWVfY3RwLnBodG1sP2dhbWVfaWQ9NDg0","text/html","5BIEQSPSGSVNZBORQZOGGJTQTAE7GDNF","downloaded",".\official-recovered\millsberry.com\20071228124505__5BIEQSPSGSVNZBORQZOGGJTQTAE7GDNF__break_time__q1745651754.phtml",4910,""
"20080727135837","http://www.millsberry.com:80/break_time.phtml?g=L2dhbWVwYWdlcy9mbGFzaGdhbWVfY3RwLnBodG1sP2dhbWVfaWQ9NDg2","text/html","4RR2LGDP6QP4XPLZ3LRLZPZEVRE3IT6Z","downloaded",".\official-recovered\www.millsberry.com\20080727135837__4RR2LGDP6QP4XPLZ3LRLZPZEVRE3IT6Z__break_time__q1612328948.phtml",5400,""
"20071125105354","http://www.millsberry.com:80/break_time.phtml?g=L2dhbWVwYWdlcy9mbGFzaGdhbWVfY3RwLnBodG1sP2dhbWVfaWQ9NDIw","text/html","W5GJ7VLXI25AGDFQQR3FHIKOTRE2HCJJ","failed",".\official-recovered\www.millsberry.com\20071125105354__W5GJ7VLXI25AGDFQQR3FHIKOTRE2HCJJ__break_time__q111287780.phtml",0,"A connection attempt failed because the connected party did not properly respond after a period of time, or established connection failed because connected host has failed to respond. (web.archive.org:443)"
"20080702142108","http://www.millsberry.com:80/break_time.phtml?g=L2dhbWVwYWdlcy9mbGFzaGdhbWVfY3RwLnBodG1sP2dhbWVfaWQ9NDQw","text/html","OW4QIOB4LUPA4LZD55IK3DSJ3N7ZZTCL","downloaded",".\official-recovered\www.millsberry.com\20080702142108__OW4QIOB4LUPA4LZD55IK3DSJ3N7ZZTCL__break_time__q1361433255.phtml",5400,""
"20090131052553","http://millsberry.com:80/break_time.phtml?g=L2dhbWVwYWdlcy9mbGFzaGdhbWVfY3RwLnBodG1sP2dhbWVfaWQ9NjA=","text/html","3EJXRLIP2JQN2Y4UVS4EN3ZDNC2PM2BJ","failed",".\official-recovered\millsberry.com\20090131052553__3EJXRLIP2JQN2Y4UVS4EN3ZDNC2PM2BJ__break_time__q281848935.phtml",0,"A connection attempt failed because the connected party did not properly respond after a period of time, or established connection failed because connected host has failed to respond. (web.archive.org:443)"
"20090204154909","http://millsberry.com:80/break_time.phtml?g=L2dhbWVwYWdlcy9mbGFzaGdhbWVfY3RwLnBodG1sP2dhbWVfaWQ9NTA1","text/html","LV2LUZU7NEHGWWGOBGC2YKPJB7OGEZ26","failed",".\official-recovered\millsberry.com\20090204154909__LV2LUZU7NEHGWWGOBGC2YKPJB7OGEZ26__break_time__q1758450463.phtml",0,"A connection attempt failed because the connected party did not properly respond after a period of time, or established connection failed because connected host has failed to respond. (web.archive.org:443)"
"20090627022647","http://www.millsberry.com:80/break_time.phtml?g=L2dhbWVwYWdlcy9mbGFzaGdhbWVfY3RwLnBodG1sP2dhbWVfaWQ9NTEx","text/html","Y5V67Q62Q7SAD55HHV6KYCIDPG76F76P","downloaded",".\official-recovered\www.millsberry.com\20090627022647__Y5V67Q62Q7SAD55HHV6KYCIDPG76F76P__break_time__q50893782.phtml",5418,""
"20061023092605","http://www.millsberry.com:80/break_time.phtml?g=L2hvbWUv","text/html","O3ZTYWC2PBJMPJ5SAFXQ64UIPG4VQ63Z","downloaded",".\official-recovered\www.millsberry.com\20061023092605__O3ZTYWC2PBJMPJ5SAFXQ64UIPG4VQ63Z__break_time__q2027050357.phtml",4800,""
"20060704141234","http://www.millsberry.com:80/break_time.phtml?g=L2hvbWUvaW5kZXgucGh0bWw=","text/html","B463NQFOYKIAASFRL464SFT6YON3CMUJ","downloaded",".\official-recovered\www.millsberry.com\20060704141234__B463NQFOYKIAASFRL464SFT6YON3CMUJ__break_time__q729650914.phtml",9104,""
"20060831060928","http://www.millsberry.com:80/break_time.phtml?g=L2J1ZGR5L2J1ZGR5X2NoYW5nZS5waHRtbA==","text/html","FV3IM7RYK6L2YMGG7UITQHOOKOGAQVNT","failed",".\official-recovered\www.millsberry.com\20060831060928__FV3IM7RYK6L2YMGG7UITQHOOKOGAQVNT__break_time__q667518069.phtml",0,"A connection attempt failed because the connected party did not properly respond after a period of time, or established connection failed because connected host has failed to respond. (web.archive.org:443)"
"20071023050116","http://www.millsberry.com:80/break_time.phtml?g=L2JhbmsvP21zZz0z","text/html","EEAWDGODKIABYMPPXZN2UAMS3NPJTOFD","downloaded",".\official-recovered\www.millsberry.com\20071023050116__EEAWDGODKIABYMPPXZN2UAMS3NPJTOFD__break_time__q244993498.phtml",4227,""
"20060411033529","http://www.millsberry.com:80/break_time.phtml?g=L2ludmVudG9yeS5waHRtbA==","text/html","JOQKXUIOIVSWYSM5QC4PV4WIQT2Y6XPH","downloaded",".\official-recovered\www.millsberry.com\20060411033529__JOQKXUIOIVSWYSM5QC4PV4WIQT2Y6XPH__break_time__q238151303.phtml",8921,""
"20081203102733","http://www.millsberry.com:80/break_time.phtml?g=L2ludmVudG9yeS5waHRtbD93aGVyZT1SZWZyaWdlcmF0b3I=","text/html","VQTAIVSJ7DC7HT2RMBMEX4IGPUKKIZKD","downloaded",".\official-recovered\www.millsberry.com\20081203102733__VQTAIVSJ7DC7HT2RMBMEX4IGPUKKIZKD__break_time__q50174289.phtml",5729,""
"20070407205334","http://www.millsberry.com:80/break_time.phtml?g=L2ludmVudG9yeS5waHRtbD93aGVyZT1yZWZyaWdlcmF0b3ImcD0xJk1FU1NBR0U9MQ==","text/html","K3HUZN2KG2UJCEH2AMQ6TQJVQ7P7IVJF","failed",".\official-recovered\www.millsberry.com\20070407205334__K3HUZN2KG2UJCEH2AMQ6TQJVQ7P7IVJF__break_time__q129095793.phtml",0,"A connection attempt failed because the connected party did not properly respond after a period of time, or established connection failed because connected host has failed to respond. (web.archive.org:443)"
"20090214142337","http://millsberry.com:80/break_time.phtml?g=L2NsYXNzaWZpZWRzLnBodG1s","text/html","SGJCXA2TATLPT52SZLIUSX5FKTC2DH3D","downloaded",".\official-recovered\millsberry.com\20090214142337__SGJCXA2TATLPT52SZLIUSX5FKTC2DH3D__break_time__q699193186.phtml",5341,""
"20060411034154","http://www.millsberry.com:80/break_time.phtml?g=L2NvbXBsZXgvYXJjYWRlLnBodG1s","text/html","T2SKCZXYHIUAHQTKM7WNAXHWHLWKQWDI","downloaded",".\official-recovered\www.millsberry.com\20060411034154__T2SKCZXYHIUAHQTKM7WNAXHWHLWKQWDI__break_time__q676600294.phtml",8936,""
"20080218210744","http://www.millsberry.com:80/break_time.phtml?g=L3BlYWJvZHlfcGFyay8=","text/html","KZAUWB5I5VS5ZYJDCSBLYEWGNYMGGMC7","downloaded",".\official-recovered\www.millsberry.com\20080218210744__KZAUWB5I5VS5ZYJDCSBLYEWGNYMGGMC7__break_time__q234456707.phtml",5553,""
"20071117162702","http://millsberry.com:80/break_time.phtml?g=L3BlYWJvZHlfcGFyay9wb25kLw==","text/html","JQN5QPKU23XEDUEQDHUAWSWLLRSWTPS2","downloaded",".\official-recovered\millsberry.com\20071117162702__JQN5QPKU23XEDUEQDHUAWSWLLRSWTPS2__break_time__q708519816.phtml",4865,""
"20071203175012","http://www.millsberry.com:80/break_time.phtml?g=L3Bvc3Rfb2ZmaWNlLz9hY3Rpb249aW5ib3g=","text/html","OKXE4PBH4YA3BIPFGO5ROCP6KPDFTGOA","downloaded",".\official-recovered\www.millsberry.com\20071203175012__OKXE4PBH4YA3BIPFGO5ROCP6KPDFTGOA__break_time__q829325472.phtml",4886,""
"20080830043305","http://www.millsberry.com:80/break_time.phtml?g=L3N0dWRpby5waHRtbA==","text/html","IHPDDCYOOLOAMEH7AQDQAW7RTOP7FXS5","downloaded",".\official-recovered\www.millsberry.com\20080830043305__IHPDDCYOOLOAMEH7AQDQAW7RTOP7FXS5__break_time__q63663486.phtml",5337,""
"20080212080618","http://millsberry.com:80/break_time.phtml?g=L3Nob3AucGh0bWw/c2hvcF9pZD00","text/html","JBNUNNZQQZBP7DSBPICUO5AUAL24YK2Y","downloaded",".\official-recovered\millsberry.com\20080212080618__JBNUNNZQQZBP7DSBPICUO5AUAL24YK2Y__break_time__q578412715.phtml",9329,""
"20080723015130","http://www.millsberry.com:80/break_time.phtml?g=L3Nob3AucGh0bWw/c2hvcF9pZD00JnNvcnRieT0zMg==","text/html","I7FR4H6CN2RV5WTM7FPM4KALLVFIVZQD","downloaded",".\official-recovered\www.millsberry.com\20080723015130__I7FR4H6CN2RV5WTM7FPM4KALLVFIVZQD__break_time__q1333777918.phtml",5391,""
"20071224122110","http://millsberry.com:80/break_time.phtml?g=L3Nob3AucGh0bWw/c2hvcF9pZD0x","text/html","OLUXZLMOYI7RPGTGV4IEYLJBF3WNMXEE","downloaded",".\official-recovered\millsberry.com\20071224122110__OLUXZLMOYI7RPGTGV4IEYLJBF3WNMXEE__break_time__q1891355081.phtml",4863,""
"20060428062405","http://www.millsberry.com:80/break_time.phtml?g=L3Rvd25faGFsbC9oaXN0b3JpY2FsX3NvY2lldHkucGh0bWw=","text/html","S6NZJWHPLS4ZYPG6CTVDAS4TBKD3NSV3","downloaded",".\official-recovered\www.millsberry.com\20060428062405__S6NZJWHPLS4ZYPG6CTVDAS4TBKD3NSV3__break_time__q2056222485.phtml",9006,""
"20070310170205","http://www.millsberry.com:80/break_time.phtml?g=Lw==","text/html","UYU7UYYDLFQOW4XWJTZZYSOL5D6VWLQI","downloaded",".\official-recovered\www.millsberry.com\20070310170205__UYU7UYYDLFQOW4XWJTZZYSOL5D6VWLQI__break_time__q826254935.phtml",4851,""
"20040713014650","http://www.millsberry.com:80/buddy/buddy_change.phtml","text/html","XIRKC543GQM3NJPZ62G7TJTROV65JX6E","downloaded",".\official-recovered\www.millsberry.com\buddy\20040713014650__XIRKC543GQM3NJPZ62G7TJTROV65JX6E__buddy_change.phtml",13420,""
"20040713015313","http://www.millsberry.com:80/buddy/buddy_change_process.phtml","text/html","V55ZWKQXO7TF4TU6RR5D5ZE2GU2TW5TU","downloaded",".\official-recovered\www.millsberry.com\buddy\20040713015313__V55ZWKQXO7TF4TU6RR5D5ZE2GU2TW5TU__buddy_change_process.phtml",13415,""
"20110420155101","http://www.millsberry.com//buddy/process_buddy.phtml","text/html","72TFJXOSQ7U66BYV3CZTTTFSPGH5EJIL","failed",".\official-recovered\www.millsberry.com\buddy\20110420155101__72TFJXOSQ7U66BYV3CZTTTFSPGH5EJIL__process_buddy.phtml",0,"A connection attempt failed because the connected party did not properly respond after a period of time, or established connection failed because connected host has failed to respond. (web.archive.org:443)"
"20080723141041","http://www.millsberry.com/buy_ad.phtml","text/html","7HN4J5O3G6NI7T5YQZRZO5GKA3HDZRRM","failed",".\official-recovered\www.millsberry.com\20080723141041__7HN4J5O3G6NI7T5YQZRZO5GKA3HDZRRM__buy_ad.phtml",0,"One or more errors occurred. (The archive entry was compressed using an unsupported compression method.)"
"20090914162334","http://www.millsberry.com:80/campaigns/bowyer2009/","text/html","56KLJXU3KMJZKNVNWRLGUXREP3QJ7A2V","failed",".\official-recovered\www.millsberry.com\campaigns\bowyer2009\20090914162334__56KLJXU3KMJZKNVNWRLGUXREP3QJ7A2V__.html",0,"A connection attempt failed because the connected party did not properly respond after a period of time, or established connection failed because connected host has failed to respond. (web.archive.org:443)"
"20091004235559","http://www.millsberry.com:80/campaigns/cookieCrisp2009/","text/html","4BOL7N54FHQPSEQX5RXRHZKY2EWIA36U","failed",".\official-recovered\www.millsberry.com\campaigns\cookieCrisp2009\20091004235559__4BOL7N54FHQPSEQX5RXRHZKY2EWIA36U__.html",0,"A connection attempt failed because the connected party did not properly respond after a period of time, or established connection failed because connected host has failed to respond. (web.archive.org:443)"
"20110105064340","http://www.millsberry.com:80/campaigns/cookieCrisp2009/thank-you.aspx","text/html","GTPQRCW5674FNBERPFOIWXJEM3CIC7SP","downloaded",".\official-recovered\www.millsberry.com\campaigns\cookieCrisp2009\20110105064340__GTPQRCW5674FNBERPFOIWXJEM3CIC7SP__thank-you.aspx",12445,""
"20091014120219","http://www.millsberry.com:80/campaigns/cookieCrisp2009/?WT.mc_id=paid_bannerad_3784200_787264","text/html","27HOSQK4IT7CEMTL3MLG3T7T3SS73NMQ","downloaded",".\official-recovered\www.millsberry.com\campaigns\cookieCrisp2009\20091014120219__27HOSQK4IT7CEMTL3MLG3T7T3SS73NMQ____q1158144215.html",8370,""
"20100725181610","http://www.millsberry.com:80/campaigns/frudare2010/","text/html","ABY4VF52AXELOOMCAX2NTDPBPVMZSNFE","downloaded",".\official-recovered\www.millsberry.com\campaigns\frudare2010\20100725181610__ABY4VF52AXELOOMCAX2NTDPBPVMZSNFE__.html",9456,""
"20100802150600","http://www.millsberry.com:80/campaigns/frudare2010/ajax.phtml?","text/xml","WV5SMDUBNMBUQKPJ45GZY6TFHF5IV4YA","failed",".\official-recovered\www.millsberry.com\campaigns\frudare2010\20100802150600__WV5SMDUBNMBUQKPJ45GZY6TFHF5IV4YA__ajax__q459954322.phtml",0,"A connection attempt failed because the connected party did not properly respond after a period of time, or established connection failed because connected host has failed to respond. (web.archive.org:443)"
"20100731225806","http://www.millsberry.com:80/campaigns/frudare2010/?WT.mc_id=paid_bannerad_4696808_769323","text/html","YT7HBAVFKHPUVPTHOM6BAIWPDCZLHBPM","downloaded",".\official-recovered\www.millsberry.com\campaigns\frudare2010\20100731225806__YT7HBAVFKHPUVPTHOM6BAIWPDCZLHBPM____q478402660.html",9502,""
"20100728031550","http://www.millsberry.com:80/campaigns/frudare2010/?WT.mc_id=paid_bannerad_4696808_787264","text/html","DSEW5RAPKFHOPGBWVJQTLN22P4I7ENRX","downloaded",".\official-recovered\www.millsberry.com\campaigns\frudare2010\20100728031550__DSEW5RAPKFHOPGBWVJQTLN22P4I7ENRX____q407093988.html",9502,""
"20100307133742","http://www.millsberry.com:80/campaigns/GrowGoodCrossCountry2010/crosscountrygame/","text/html","R2KE3OCH5JREMU36B4CBI7KPWR2YARZS","downloaded",".\official-recovered\www.millsberry.com\campaigns\GrowGoodCrossCountry2010\crosscountrygame\20100307133742__R2KE3OCH5JREMU36B4CBI7KPWR2YARZS__.html",8711,""
"20090106201617","http://www.millsberry.com/campaigns/malawi","text/html","FMBWMRAYYTKQ3ZBQGJZC7PVZYWNBLBPR","failed",".\official-recovered\www.millsberry.com\campaigns\20090106201617__FMBWMRAYYTKQ3ZBQGJZC7PVZYWNBLBPR__malawi.html",0,"A connection attempt failed because the connected party did not properly respond after a period of time, or established connection failed because connected host has failed to respond. (web.archive.org:443)"
"20050420045949","http://www.millsberry.com:80/charm_clue_archive.phtml","text/html","Y72VHWL76ZPH26PZUFZJQQUUQK7TBLBP","downloaded",".\official-recovered\www.millsberry.com\20050420045949__Y72VHWL76ZPH26PZUFZJQQUUQK7TBLBP__charm_clue_archive.phtml",1055,""
"20050418014516","http://www.millsberry.com:80/charm_clue_archive.phtml?viewID=20050408","text/html","4ONRGOQBMC3Q3M3U47MIRRK2NGKYVKY4","downloaded",".\official-recovered\www.millsberry.com\20050418014516__4ONRGOQBMC3Q3M3U47MIRRK2NGKYVKY4__charm_clue_archive__q1355328855.phtml",1055,""
"20050418125536","http://www.millsberry.com:80/charm_clue_archive.phtml?viewID=20050413","text/html","HVVCJMOM6QOI6VM4HSQAQVC253XQAWAK","downloaded",".\official-recovered\www.millsberry.com\20050418125536__HVVCJMOM6QOI6VM4HSQAQVC253XQAWAK__charm_clue_archive__q977341719.phtml",1055,""
"20051104072223","http://www.millsberry.com:80/charm_clue_archive.phtml?viewID=20050419","text/html","I5W3FOZN6KDYS3QBXYXRHE2WFGQ6APXO","downloaded",".\official-recovered\www.millsberry.com\20051104072223__I5W3FOZN6KDYS3QBXYXRHE2WFGQ6APXO__charm_clue_archive__q689775890.phtml",1183,""
"20050418234205","http://www.millsberry.com:80/charm_view.phtml","text/html","3I42H3S6NNFQ2MSVX7XZKYAYSCX5QBYJ","downloaded",".\official-recovered\www.millsberry.com\20050418234205__3I42H3S6NNFQ2MSVX7XZKYAYSCX5QBYJ__charm_view.phtml",0,""
"20050318085953","http://www.millsberry.com:80/classifieds.phtml","text/html","THXS7WLUIU67KIXVFJX3IKVI6FOFBIDM","downloaded",".\official-recovered\www.millsberry.com\20050318085953__THXS7WLUIU67KIXVFJX3IKVI6FOFBIDM__classifieds.phtml",9154,""
"20051102065634","http://www.millsberry.com:80/classifieds.phtml?buyad=1","text/html","XC5D3PZYTR5KVUFDPT7BFHH6CE5VJZ3F","downloaded",".\official-recovered\www.millsberry.com\20051102065634__XC5D3PZYTR5KVUFDPT7BFHH6CE5VJZ3F__classifieds__q511151298.phtml",11965,""
"20070922160653","http://www.millsberry.com/classifieds.phtml?neighborhood=Ravenwood&q=Cocoa+Puffs+Crossword+Master+Trophy","text/html","BGR74NFFKGK4AARL24XGWNDW5YVMNKM7","downloaded",".\official-recovered\www.millsberry.com\20070922160653__BGR74NFFKGK4AARL24XGWNDW5YVMNKM7__classifieds__q50031972.phtml",14078,""
"20110329143238","http://www.millsberry.com/click.specialSubmit","text/html","72TFJXOSQ7U66BYV3CZTTTFSPGH5EJIL","downloaded",".\official-recovered\www.millsberry.com\20110329143238__72TFJXOSQ7U66BYV3CZTTTFSPGH5EJIL__click.specialSubmit",13508,""
"20060411013330","http://www.millsberry.com:80/colhurst/","text/html","R7T4FEZ3EJBW56NZ3HBMPTSIIVNS7MIF","downloaded",".\official-recovered\www.millsberry.com\colhurst\20060411013330__R7T4FEZ3EJBW56NZ3HBMPTSIIVNS7MIF__.html",9107,""
"20060411014546","http://www.millsberry.com:80/colhurst/index.phtml","text/html","2PFYRCJVBHFTI4B4NKTTKODDKW5VQLHX","downloaded",".\official-recovered\www.millsberry.com\colhurst\20060411014546__2PFYRCJVBHFTI4B4NKTTKODDKW5VQLHX__index.phtml",9107,""
"20060411031318","http://www.millsberry.com:80/colhurst/index.phtml?action=gifts","text/html","WSMQLZG5TDLIN67FNPB7U6OFNY5T4NRP","downloaded",".\official-recovered\www.millsberry.com\colhurst\20060411031318__WSMQLZG5TDLIN67FNPB7U6OFNY5T4NRP__index__q1803436382.phtml",12476,""
"20060411032348","http://www.millsberry.com:80/colhurst/index.phtml?action=gifts&msg=17","text/html","USO2P7X2RSF3WPHGM4FLHUDZZHXW4JCY","downloaded",".\official-recovered\www.millsberry.com\colhurst\20060411032348__USO2P7X2RSF3WPHGM4FLHUDZZHXW4JCY__index__q574126700.phtml",12549,""
"20060411032357","http://www.millsberry.com:80/colhurst/index.phtml?action=gifts&msg=18","text/html","APO4PBQTSIUMDRZN3WXUIHR3XYOYWFUX","failed",".\official-recovered\www.millsberry.com\colhurst\20060411032357__APO4PBQTSIUMDRZN3WXUIHR3XYOYWFUX__index__q2027219687.phtml",0,"A connection attempt failed because the connected party did not properly respond after a period of time, or established connection failed because connected host has failed to respond. (web.archive.org:443)"
"20060411031331","http://www.millsberry.com:80/colhurst/index.phtml?action=rules","text/html","K7Z4PKGA456MFFOMQ34YGYQ5WCQ7B3C4","failed",".\official-recovered\www.millsberry.com\colhurst\20060411031331__K7Z4PKGA456MFFOMQ34YGYQ5WCQ7B3C4__index__q843054911.phtml",0,"A connection attempt failed because the connected party did not properly respond after a period of time, or established connection failed because connected host has failed to respond. (web.archive.org:443)"
"20060411023752","http://www.millsberry.com:80/colhurst/index.phtml?msg=10","text/html","XIK4RWZFTVYP7SCN2ZF67T7RZYXJY766","downloaded",".\official-recovered\www.millsberry.com\colhurst\20060411023752__XIK4RWZFTVYP7SCN2ZF67T7RZYXJY766__index__q1933981222.phtml",9251,""
"20060411023758","http://www.millsberry.com:80/colhurst/index.phtml?msg=11","text/html","5ZRMIZYLVL7VLUMCIXHWC7NSM3SFMSPG","failed",".\official-recovered\www.millsberry.com\colhurst\20060411023758__5ZRMIZYLVL7VLUMCIXHWC7NSM3SFMSPG__index__q1883056941.phtml",0,"A connection attempt failed because the connected party did not properly respond after a period of time, or established connection failed because connected host has failed to respond. (web.archive.org:443)"
"20060411023804","http://www.millsberry.com:80/colhurst/index.phtml?msg=16","text/html","MYNFVKC5K2SD24KXG6YF67GTGLDGWGHD","failed",".\official-recovered\www.millsberry.com\colhurst\20060411023804__MYNFVKC5K2SD24KXG6YF67GTGLDGWGHD__index__q1736599626.phtml",0,"A connection attempt failed because the connected party did not properly respond after a period of time, or established connection failed because connected host has failed to respond. (web.archive.org:443)"
"20060411023540","http://www.millsberry.com:80/colhurst/index.phtml?msg=8","text/html","UGY2H7SYAQ7QV7VHHYKDEHZFPPWKSLKO","downloaded",".\official-recovered\www.millsberry.com\colhurst\20060411023540__UGY2H7SYAQ7QV7VHHYKDEHZFPPWKSLKO__index__q1192199279.phtml",9189,""
"20060411023547","http://www.millsberry.com:80/colhurst/index.phtml?msg=9","text/html","P6V4PG6BDZTI77ULOEJEODECUVH4ZBEC","downloaded",".\official-recovered\www.millsberry.com\colhurst\20060411023547__P6V4PG6BDZTI77ULOEJEODECUVH4ZBEC__index__q1942034295.phtml",9189,""
"20060719192439","http://www.millsberry.com:80/colhurst/process_key.phtml?","text/html","CXTTDO2LBG6XJM5JLRVT5LDXIHMSNK6F","downloaded",".\official-recovered\www.millsberry.com\colhurst\20060719192439__CXTTDO2LBG6XJM5JLRVT5LDXIHMSNK6F__process_key__q459954322.phtml",158,""
"20080805155813","http://www.millsberry.com:80/colhurst/process_key.phtml?width=300&height=500","text/html","AYOCECCZ554RHDOL2QBBYIIKMVFWR66C","failed",".\official-recovered\www.millsberry.com\colhurst\20080805155813__AYOCECCZ554RHDOL2QBBYIIKMVFWR66C__process_key__q940857879.phtml",0,"A connection attempt failed because the connected party did not properly respond after a period of time, or established connection failed because connected host has failed to respond. (web.archive.org:443)"
"20060411020244","http://www.millsberry.com:80/colhurst/view_map.phtml?","text/html","25XBOB3FVQQTX26LIOTHG45YMOYJLE3W","downloaded",".\official-recovered\www.millsberry.com\colhurst\20060411020244__25XBOB3FVQQTX26LIOTHG45YMOYJLE3W__view_map__q459954322.phtml",512,""
"20061205103021","http://www.millsberry.com:80/colhurst/?action=gifts&msg=17","text/html","XD6ZP4KIEMA7CIMXFNX4CNOQ3VOLPR5Q","downloaded",".\official-recovered\www.millsberry.com\colhurst\20061205103021__XD6ZP4KIEMA7CIMXFNX4CNOQ3VOLPR5Q____q574126700.html",6576,""
"20070212050447","http://www.millsberry.com:80/colhurst/?action=gifts&msg=18","text/html","I7YWZPFVZFH4PVKEDGG6U5LXTFGZS5EA","downloaded",".\official-recovered\www.millsberry.com\colhurst\20070212050447__I7YWZPFVZFH4PVKEDGG6U5LXTFGZS5EA____q2027219687.html",6661,""
"20061206040937","http://www.millsberry.com:80/colhurst/?action=rules","text/html","4LVQXCVC6EASQS4LKG53XATG2V5NI2WK","failed",".\official-recovered\www.millsberry.com\colhurst\20061206040937__4LVQXCVC6EASQS4LKG53XATG2V5NI2WK____q843054911.html",0,"A connection attempt failed because the connected party did not properly respond after a period of time, or established connection failed because connected host has failed to respond. (web.archive.org:443)"
"20060702153348","http://www.millsberry.com:80/colhurst/?msg=10","text/html","GWOPOD3A56APJ66BXLRG2OV2A2YWS4ZV","downloaded",".\official-recovered\www.millsberry.com\colhurst\20060702153348__GWOPOD3A56APJ66BXLRG2OV2A2YWS4ZV____q1933981222.html",9449,""
"20060702153439","http://www.millsberry.com:80/colhurst/?msg=11","text/html","MUSQKTUWEYEWK6Z7DA5G5AA3BI3TDG2C","downloaded",".\official-recovered\www.millsberry.com\colhurst\20060702153439__MUSQKTUWEYEWK6Z7DA5G5AA3BI3TDG2C____q1883056941.html",9415,""
"20061108012316","http://www.millsberry.com:80/colhurst/?msg=16","text/html","TJQTEPAOOZ6AA7MQL6Z4IAMFZXSZ3MF3","downloaded",".\official-recovered\www.millsberry.com\colhurst\20061108012316__TJQTEPAOOZ6AA7MQL6Z4IAMFZXSZ3MF3____q1736599626.html",5203,""
"20060706012600","http://www.millsberry.com:80/colhurst/?msg=8","text/html","4USTTAO2YDHEIVPZYMOGXE2N3N2HADYN","downloaded",".\official-recovered\www.millsberry.com\colhurst\20060706012600__4USTTAO2YDHEIVPZYMOGXE2N3N2HADYN____q1192199279.html",9387,""
"20060702153145","http://www.millsberry.com:80/colhurst/?msg=9","text/html","LHGUNM6OMXW5LEMNDRFI3RCBK7FUW3OY","failed",".\official-recovered\www.millsberry.com\colhurst\20060702153145__LHGUNM6OMXW5LEMNDRFI3RCBK7FUW3OY____q1942034295.html",0,"A connection attempt failed because the connected party did not properly respond after a period of time, or established connection failed because connected host has failed to respond. (web.archive.org:443)"
"20070101160759","http://www.millsberry.com:80/common.js","application/x-javascript","BOXQC5QKYA3ZV5ZO5ZLBGZ6X52NBG6E6","downloaded",".\official-recovered\www.millsberry.com\20070101160759__BOXQC5QKYA3ZV5ZO5ZLBGZ6X52NBG6E6__common.js",7333,""
"20070301224330","http://www.millsberry.com/common.js?v=1","application/x-javascript","BOXQC5QKYA3ZV5ZO5ZLBGZ6X52NBG6E6","downloaded",".\official-recovered\www.millsberry.com\20070301224330__BOXQC5QKYA3ZV5ZO5ZLBGZ6X52NBG6E6__common__q27048039.js",7333,""
"20061206000602","http://www.millsberry.com/common.js?v=2","application/x-javascript","BTQVT2JRZ5MS343DWOSF4GLOKHMBCWD6","downloaded",".\official-recovered\www.millsberry.com\20061206000602__BTQVT2JRZ5MS343DWOSF4GLOKHMBCWD6__common__q939364763.js",6604,""
"20100102003359","http://millsberry.com/common.js?v=3","application/x-javascript","AG4PJSLI2FSNGTY3S6YBD7T5RJJN5RM4","downloaded",".\official-recovered\millsberry.com\20100102003359__AG4PJSLI2FSNGTY3S6YBD7T5RJJN5RM4__common__q1941933769.js",10500,""
"20040911093214","http://www.millsberry.com:80/commonJS.js","application/x-javascript","2EZ73M3ZJGZTRJUPO55ULH7HCWTAT6PG","downloaded",".\official-recovered\www.millsberry.com\20040911093214__2EZ73M3ZJGZTRJUPO55ULH7HCWTAT6PG__commonJS.js",767,""
"20060415163016","http://www.millsberry.com:80/communitycenter/","text/html","ERWRUMMXWYNWA2ISWQVWHUVWKW6QAJKW","downloaded",".\official-recovered\www.millsberry.com\communitycenter\20060415163016__ERWRUMMXWYNWA2ISWQVWHUVWKW6QAJKW__.html",9121,""
"20060702154538","http://www.millsberry.com:80/communitycenter/dojo/","text/html","RF4VVRCJRVSIP5J7D7L6VS35WFGLYCKK","downloaded",".\official-recovered\www.millsberry.com\communitycenter\dojo\20060702154538__RF4VVRCJRVSIP5J7D7L6VS35WFGLYCKK__.html",10311,""
"20060718115223","http://www.millsberry.com:80/communitycenter/dojo/index.phtml","text/html","NRP6FLJYNU4HJGCJNZSCZAA7XOKEWVMK","downloaded",".\official-recovered\www.millsberry.com\communitycenter\dojo\20060718115223__NRP6FLJYNU4HJGCJNZSCZAA7XOKEWVMK__index.phtml",10311,""
"20060716060139","http://www.millsberry.com:80/communitycenter/dojo/process_sensei.phtml","text/html","3I42H3S6NNFQ2MSVX7XZKYAYSCX5QBYJ","downloaded",".\official-recovered\www.millsberry.com\communitycenter\dojo\20060716060139__3I42H3S6NNFQ2MSVX7XZKYAYSCX5QBYJ__process_sensei.phtml",0,""
"20060702163700","http://www.millsberry.com:80/communitycenter/dojo/rules.phtml","text/html","VGDG6EMFON364NVZK6TC5EMT3QTGUNGS","failed",".\official-recovered\www.millsberry.com\communitycenter\dojo\20060702163700__VGDG6EMFON364NVZK6TC5EMT3QTGUNGS__rules.phtml",0,"A connection attempt failed because the connected party did not properly respond after a period of time, or established connection failed because connected host has failed to respond. (web.archive.org:443)"
"20060830202945","http://www.millsberry.com:80/communitycenter/dojo/?msg=1","text/html","IKK43OBEVZJ6PUFV7RIZM4FUJSB3CB6L","failed",".\official-recovered\www.millsberry.com\communitycenter\dojo\20060830202945__IKK43OBEVZJ6PUFV7RIZM4FUJSB3CB6L____q916136404.html",0,"A connection attempt failed because the connected party did not properly respond after a period of time, or established connection failed because connected host has failed to respond. (web.archive.org:443)"
"20060721081850","http://www.millsberry.com:80/communitycenter/dojo/?msg=3","text/html","ITLJ27AA7626XDMTRWRDJYP3Z7XZRDI5","downloaded",".\official-recovered\www.millsberry.com\communitycenter\dojo\20060721081850__ITLJ27AA7626XDMTRWRDJYP3Z7XZRDI5____q2088621453.html",10785,""
"20060706134817","http://www.millsberry.com:80/communitycenter/dojo/?msg=5","text/html","4Y7HV2YYX5BJBPVSEZZCNVE3DB3SZ34M","failed",".\official-recovered\www.millsberry.com\communitycenter\dojo\20060706134817__4Y7HV2YYX5BJBPVSEZZCNVE3DB3SZ34M____q1126108317.html",0,"A connection attempt failed because the connected party did not properly respond after a period of time, or established connection failed because connected host has failed to respond. (web.archive.org:443)"
"20061121215051","http://www.millsberry.com:80/communitycenter/donation.phtml","text/html","3I42H3S6NNFQ2MSVX7XZKYAYSCX5QBYJ","failed",".\official-recovered\www.millsberry.com\communitycenter\20061121215051__3I42H3S6NNFQ2MSVX7XZKYAYSCX5QBYJ__donation.phtml",0,"A connection attempt failed because the connected party did not properly respond after a period of time, or established connection failed because connected host has failed to respond. (web.archive.org:443)"
"20060716055322","http://www.millsberry.com:80/communitycenter/donation_center.phtml?","text/html","2JRTU4KNVKGLQI5EPDAHLON5LZR56JJY","downloaded",".\official-recovered\www.millsberry.com\communitycenter\20060716055322__2JRTU4KNVKGLQI5EPDAHLON5LZR56JJY__donation_center__q459954322.phtml",23964,""
"20090413103417","http://www.millsberry.com:80/communitycenter/donation_center.phtml?linkOff=%5Btype+Function%5D&intervalID=undefined","text/html","4FRWDVDKHHJLAXXDMO2FEWY5MFEZPI46","downloaded",".\official-recovered\www.millsberry.com\communitycenter\20090413103417__4FRWDVDKHHJLAXXDMO2FEWY5MFEZPI46__donation_center__q1560795487.phtml",28603,""
"20060716175933","http://www.millsberry.com:80/communitycenter/index.phtml","text/html","342JYLUFBGKM5WNOEAYE5TXUPU2B552L","downloaded",".\official-recovered\www.millsberry.com\communitycenter\20060716175933__342JYLUFBGKM5WNOEAYE5TXUPU2B552L__index.phtml",9454,""
"20061205102908","http://www.millsberry.com:80/communitycenter/pool.phtml","text/html","L7SLG2LKPWN22PYZ3GH76OQJDUQFYDOT","failed",".\official-recovered\www.millsberry.com\communitycenter\20061205102908__L7SLG2LKPWN22PYZ3GH76OQJDUQFYDOT__pool.phtml",0,"A connection attempt failed because the connected party did not properly respond after a period of time, or established connection failed because connected host has failed to respond. (web.archive.org:443)"
"20060423015119","http://www.millsberry.com:80/communitycenter/second_harvest.phtml","text/html","W6RQ7EILWHBSA74BCMF2XVDFP77MH2II","downloaded",".\official-recovered\www.millsberry.com\communitycenter\20060423015119__W6RQ7EILWHBSA74BCMF2XVDFP77MH2II__second_harvest.phtml",11076,""
"20060423015922","http://www.millsberry.com:80/communitycenter/second_harvest_facts.phtml?","text/html","FBOYPH345LMR6XUGSCQUQ2PSSP7QHR4N","downloaded",".\official-recovered\www.millsberry.com\communitycenter\20060423015922__FBOYPH345LMR6XUGSCQUQ2PSSP7QHR4N__second_harvest_facts__q459954322.phtml",202,""
"20060719085718","http://www.millsberry.com:80/communitycenter/second_harvest_facts.phtml?fid=3&width=600&height=400","text/html","KXITXNLFRK7WFLTMDNR7FIKJAU6OY3D7","downloaded",".\official-recovered\www.millsberry.com\communitycenter\20060719085718__KXITXNLFRK7WFLTMDNR7FIKJAU6OY3D7__second_harvest_facts__q515347817.phtml",1428,""
"20040711015220","http://www.millsberry.com:80/complex/","text/html","OSRW7AMVN7W2OY5Z4PXX7KCA35D6EUCX","failed",".\official-recovered\www.millsberry.com\complex\20040711015220__OSRW7AMVN7W2OY5Z4PXX7KCA35D6EUCX__.html",0,"A connection attempt failed because the connected party did not properly respond after a period of time, or established connection failed because connected host has failed to respond. (web.archive.org:443)"
"20040719013038","http://www.millsberry.com:80/complex/arcade.phtml","text/html","52FGL3I5FHACWYRH4H5ZOSR2FSIC3WKK","downloaded",".\official-recovered\www.millsberry.com\complex\20040719013038__52FGL3I5FHACWYRH4H5ZOSR2FSIC3WKK__arcade.phtml",22609,""
"20060411024208","http://www.millsberry.com:80/complex/arcade.phtml?logout=1","text/html","D6MQULVQMQOO43A6F6FLT5NMVMOGXWYT","downloaded",".\official-recovered\www.millsberry.com\complex\20060411024208__D6MQULVQMQOO43A6F6FLT5NMVMOGXWYT__arcade__q1558045753.phtml",23474,""
"20060411024504","http://www.millsberry.com:80/complex/arcade.phtml?show=civ","text/html","QR7AFVOO4W6WKI4K7DW77PN27T2HR54Q","downloaded",".\official-recovered\www.millsberry.com\complex\20060411024504__QR7AFVOO4W6WKI4K7DW77PN27T2HR54Q__arcade__q1603166153.phtml",12356,""
"20060411024522","http://www.millsberry.com:80/complex/arcade.phtml?show=fit","text/html","7KTSW77TOH3PAQCSU2ULCGA2SHJKVDY2","downloaded",".\official-recovered\www.millsberry.com\complex\20060411024522__7KTSW77TOH3PAQCSU2ULCGA2SHJKVDY2__arcade__q935976047.phtml",10196,""
"20060411024531","http://www.millsberry.com:80/complex/arcade.phtml?show=int","text/html","APKVNQOZ3VS6ZPV75GMRUAJRGJYVEVGF","failed",".\official-recovered\www.millsberry.com\complex\20060411024531__APKVNQOZ3VS6ZPV75GMRUAJRGJYVEVGF__arcade__q780859124.phtml",0,"A connection attempt failed because the connected party did not properly respond after a period of time, or established connection failed because connected host has failed to respond. (web.archive.org:443)"
"20060411024704","http://www.millsberry.com:80/complex/arcade.phtml?show=item","text/html","LEFBJMKEQM2Y4BG6OVNFI4ZZVFAFRSJK","downloaded",".\official-recovered\www.millsberry.com\complex\20060411024704__LEFBJMKEQM2Y4BG6OVNFI4ZZVFAFRSJK__arcade__q88124042.phtml",10198,""
"20040819002654","http://www.millsberry.com:80/complex/index.phtml","text/html","ROFLA54MQ6B2UKM6ODLQDHSILR7MKX35","downloaded",".\official-recovered\www.millsberry.com\complex\20040819002654__ROFLA54MQ6B2UKM6ODLQDHSILR7MKX35__index.phtml",9877,""
"20050517235512","http://www.millsberry.com:80/complex/process_theater.phtml","text/html","DCSWHF5YEBQ3GKXR72Y4E6H7FFTHSVL7","downloaded",".\official-recovered\www.millsberry.com\complex\20050517235512__DCSWHF5YEBQ3GKXR72Y4E6H7FFTHSVL7__process_theater.phtml",4342,""
"20060127011634","http://www.millsberry.com:80/complex/process_theater_tr.phtml","text/html","UBGRDFROBYN7E3OOSEE5QACEWGW5UTVF","downloaded",".\official-recovered\www.millsberry.com\complex\20060127011634__UBGRDFROBYN7E3OOSEE5QACEWGW5UTVF__process_theater_tr.phtml",5446,""
"20041012034954","http://www.millsberry.com:80/complex/shark_tale.phtml","text/html","CTZHI3PRXLLQBKNROSL5F6BBOXVUWTTW","downloaded",".\official-recovered\www.millsberry.com\complex\20041012034954__CTZHI3PRXLLQBKNROSL5F6BBOXVUWTTW__shark_tale.phtml",1768,""
"20040723063335","http://www.millsberry.com:80/complex/theater.phtml","text/html","3YUH5ICSJXS55TWIVAO5YY4PW5ZVJAGE","downloaded",".\official-recovered\www.millsberry.com\complex\20040723063335__3YUH5ICSJXS55TWIVAO5YY4PW5ZVJAGE__theater.phtml",9495,""
"20071011002624","http://www.millsberry.com:80/complex/theater.phtml?playTrailer=0","text/html","UA2UCMTABSXSARMWC2SAKICDYT6P5SQV","downloaded",".\official-recovered\www.millsberry.com\complex\20071011002624__UA2UCMTABSXSARMWC2SAKICDYT6P5SQV__theater__q459663571.phtml",4217,""
"20050511084406","http://www.millsberry.com:80/complex/theater.phtml?r=ma","text/html","ZYHWV73RF5VRJE4VHQ4743CYS65TYT4V","downloaded",".\official-recovered\www.millsberry.com\complex\20050511084406__ZYHWV73RF5VRJE4VHQ4743CYS65TYT4V__theater__q1597284498.phtml",10028,""
"20041012053506","http://www.millsberry.com:80/complex/theater.phtml?r=sta","text/html","S33JIBRLEOVVZVKLREIA4I3SYTQFTY7H","downloaded",".\official-recovered\www.millsberry.com\complex\20041012053506__S33JIBRLEOVVZVKLREIA4I3SYTQFTY7H__theater__q1042953508.phtml",10089,""
"20090626055733","http://www.millsberry.com:80/complex/theater.phtml?WT.mc_id=paid_bannerad_3670390_769311","text/html","EEHSJJVJC2TKQ7EP4JUYXG5BVOW4IMEE","failed",".\official-recovered\www.millsberry.com\complex\20090626055733__EEHSJJVJC2TKQ7EP4JUYXG5BVOW4IMEE__theater__q1529715236.phtml",0,"A connection attempt failed because the connected party did not properly respond after a period of time, or established connection failed because connected host has failed to respond. (web.archive.org:443)"
"20110507183614","http://millsberry.com/config.xml","text/html","72TFJXOSQ7U66BYV3CZTTTFSPGH5EJIL","failed",".\official-recovered\millsberry.com\20110507183614__72TFJXOSQ7U66BYV3CZTTTFSPGH5EJIL__config.xml",0,"A connection attempt failed because the connected party did not properly respond after a period of time, or established connection failed because connected host has failed to respond. (web.archive.org:443)"
"20041019023549","http://www.millsberry.com:80/construction/index.phtml","text/html","ZD3IF3LURNDGRBYCBISBXJV2HUX63CYH","downloaded",".\official-recovered\www.millsberry.com\construction\20041019023549__ZD3IF3LURNDGRBYCBISBXJV2HUX63CYH__index.phtml",9094,""
"20060704202218","http://www.millsberry.com:80/cotw.phtml","text/html","3YLLZ3NVOAG2FQURG24YONUXAT2TR6ZZ","failed",".\official-recovered\www.millsberry.com\20060704202218__3YLLZ3NVOAG2FQURG24YONUXAT2TR6ZZ__cotw.phtml",0,"A connection attempt failed because the connected party did not properly respond after a period of time, or established connection failed because connected host has failed to respond. (web.archive.org:443)"
"20081119183509","http://www.millsberry.com/cotw.phtml?user=10chips","text/html","HX2MGZKDVDHS5IP2FV7NDJQZYPYTFQHW","failed",".\official-recovered\www.millsberry.com\20081119183509__HX2MGZKDVDHS5IP2FV7NDJQZYPYTFQHW__cotw__q2028287197.phtml",0,"A connection attempt failed because the connected party did not properly respond after a period of time, or established connection failed because connected host has failed to respond. (web.archive.org:443)"
"20080925201606","http://www.millsberry.com:80/cotw.phtml?user=12x11","text/html","64ZIO5LQFRYTH3SO52ZF22VISXQ336GM","downloaded",".\official-recovered\www.millsberry.com\20080925201606__64ZIO5LQFRYTH3SO52ZF22VISXQ336GM__cotw__q1715971335.phtml",6477,""
"20071022132732","http://millsberry.com:80/cotw.phtml?user=1krista","text/html","EBSFAZE5FBZIXHXLO45FIW2ZC5MTTVXR","downloaded",".\official-recovered\millsberry.com\20071022132732__EBSFAZE5FBZIXHXLO45FIW2ZC5MTTVXR__cotw__q964518849.phtml",6650,""
"20070603154129","http://www.millsberry.com:80/cotw.phtml?user=34volleyball","text/html","HNH6GEPRJPI5ZQ2ROCC3OT7OVZRWI5IR","downloaded",".\official-recovered\www.millsberry.com\20070603154129__HNH6GEPRJPI5ZQ2ROCC3OT7OVZRWI5IR__cotw__q1428488364.phtml",5902,""
"20080712173124","http://www.millsberry.com:80/cotw.phtml?user=4211colin","text/html","TRUFMMXQD67ZTSVVVCPPOGELWS3DZFSW","failed",".\official-recovered\www.millsberry.com\20080712173124__TRUFMMXQD67ZTSVVVCPPOGELWS3DZFSW__cotw__q36903887.phtml",0,"A connection attempt failed because the connected party did not properly respond after a period of time, or established connection failed because connected host has failed to respond. (web.archive.org:443)"
"20071001195606","http://millsberry.com:80/cotw.phtml?user=4evergurls","text/html","AJIQ4L5BES3YZMJA3YMGYCF36PAG5CRU","downloaded",".\official-recovered\millsberry.com\20071001195606__AJIQ4L5BES3YZMJA3YMGYCF36PAG5CRU__cotw__q337685871.phtml",5892,""
"20071022132747","http://millsberry.com:80/cotw.phtml?user=56kid56","text/html","DYXFO5N2P34SAWZPTAAWTFJGM37RZG3U","downloaded",".\official-recovered\millsberry.com\20071022132747__DYXFO5N2P34SAWZPTAAWTFJGM37RZG3U__cotw__q784922951.phtml",6925,""
"20100412021451","http://www.millsberry.com:80/cotw.phtml?user=99goofus","text/html","KWTLZNAVIEVCZIMAOAPNWSEQ55LWVYJI","downloaded",".\official-recovered\www.millsberry.com\20100412021451__KWTLZNAVIEVCZIMAOAPNWSEQ55LWVYJI__cotw__q474012276.phtml",8738,""
"20071022132752","http://millsberry.com:80/cotw.phtml?user=abefroman","text/html","5ZUEU5WBLWQBZR55SSOJXH54ZFIWDUGM","failed",".\official-recovered\millsberry.com\20071022132752__5ZUEU5WBLWQBZR55SSOJXH54ZFIWDUGM__cotw__q1942544398.phtml",0,"A connection attempt failed because the connected party did not properly respond after a period of time, or established connection failed because connected host has failed to respond. (web.archive.org:443)"
"20071022132757","http://millsberry.com:80/cotw.phtml?user=akima2sweet","text/html","2HBQCTECEFPIUMARGPYAHOXPBM2VBTPN","downloaded",".\official-recovered\millsberry.com\20071022132757__2HBQCTECEFPIUMARGPYAHOXPBM2VBTPN__cotw__q1826546052.phtml",6524,""
"20100605190039","http://www.millsberry.com:80/cotw.phtml?user=alanoud99","text/html","HDLP32AQWGJBEHW3A76TGD256GBGZ664","downloaded",".\official-recovered\www.millsberry.com\20100605190039__HDLP32AQWGJBEHW3A76TGD256GBGZ664__cotw__q1154860777.phtml",8899,""
"20071022132802","http://millsberry.com:80/cotw.phtml?user=albert72","text/html","7VDSVJRT2ZLXVCMF2ZLNMJNKVBKZOENQ","downloaded",".\official-recovered\millsberry.com\20071022132802__7VDSVJRT2ZLXVCMF2ZLNMJNKVBKZOENQ__cotw__q2115994045.phtml",5849,""
"20071022132808","http://millsberry.com:80/cotw.phtml?user=alexcam","text/html","FIGKFQQTS4J6ODJLMSPYCLJSECNDGRKS","downloaded",".\official-recovered\millsberry.com\20071022132808__FIGKFQQTS4J6ODJLMSPYCLJSECNDGRKS__cotw__q824356271.phtml",6217,""
"20080801092509","http://www.millsberry.com:80/cotw.phtml?user=alexpg","text/html","HGTNZH5W45BFE4TD4CPQOPAIPAWMPPGO","failed",".\official-recovered\www.millsberry.com\20080801092509__HGTNZH5W45BFE4TD4CPQOPAIPAWMPPGO__cotw__q435898917.phtml",0,"A connection attempt failed because the connected party did not properly respond after a period of time, or established connection failed because connected host has failed to respond. (web.archive.org:443)"
"20071022132812","http://millsberry.com:80/cotw.phtml?user=ali4444444","text/html","2TTTXPZB3ENZIHTFHGPNXDLHXC4RWCAX","downloaded",".\official-recovered\millsberry.com\20071022132812__2TTTXPZB3ENZIHTFHGPNXDLHXC4RWCAX__cotw__q916057172.phtml",6073,""
"20071022132817","http://millsberry.com:80/cotw.phtml?user=alisonchacha","text/html","UH4URTR7UNA4PVXI7LVRQSQ2GZ3Q3LYM","downloaded",".\official-recovered\millsberry.com\20071022132817__UH4URTR7UNA4PVXI7LVRQSQ2GZ3Q3LYM__cotw__q1159783736.phtml",7320,""
"20080505044738","http://millsberry.com:80/cotw.phtml?user=allykins300","text/html","HWMAHNGHWF7PQJNO7JIAW5A3HS6RHO52","downloaded",".\official-recovered\millsberry.com\20080505044738__HWMAHNGHWF7PQJNO7JIAW5A3HS6RHO52__cotw__q641679531.phtml",6092,""
"20071022132822","http://millsberry.com:80/cotw.phtml?user=alyssa201","text/html","OMQB4WEOSY5M2XMSTPEB3CYBVIKYBI55","downloaded",".\official-recovered\millsberry.com\20071022132822__OMQB4WEOSY5M2XMSTPEB3CYBVIKYBI55__cotw__q726335580.phtml",6864,""
"20071022132827","http://millsberry.com:80/cotw.phtml?user=alyssafuji96","text/html","XPT4DKHM5YPPFDGU5YC5LRSSFKFJJ2UH","downloaded",".\official-recovered\millsberry.com\20071022132827__XPT4DKHM5YPPFDGU5YC5LRSSFKFJJ2UH__cotw__q298497122.phtml",5885,""
"20071022132832","http://millsberry.com:80/cotw.phtml?user=ambersmom","text/html","A5BEZEKD4L7OKMER2IWDDLH4QPIJ7HAZ","downloaded",".\official-recovered\millsberry.com\20071022132832__A5BEZEKD4L7OKMER2IWDDLH4QPIJ7HAZ__cotw__q756382923.phtml",6850,""
"20071022132837","http://millsberry.com:80/cotw.phtml?user=angel_1001","text/html","ZLLSXEH62IWW4SMSWPAVUM7VFVPMCGMU","downloaded",".\official-recovered\millsberry.com\20071022132837__ZLLSXEH62IWW4SMSWPAVUM7VFVPMCGMU__cotw__q1047710521.phtml",6795,""
"20071022132843","http://millsberry.com:80/cotw.phtml?user=angelbaby271","text/html","47U7FG5ATVRUCENFBQNH2NGDKH6QKMRC","downloaded",".\official-recovered\millsberry.com\20071022132843__47U7FG5ATVRUCENFBQNH2NGDKH6QKMRC__cotw__q1836363503.phtml",6925,""
"20100420045135","http://www.millsberry.com:80/cotw.phtml?user=aqueen012","text/html","PJCAHGIMRMKWH446PKH4UIBXFCNGEYZN","downloaded",".\official-recovered\www.millsberry.com\20100420045135__PJCAHGIMRMKWH446PKH4UIBXFCNGEYZN__cotw__q1389730569.phtml",8849,""
"20071022132847","http://millsberry.com:80/cotw.phtml?user=aroara1736","text/html","J2WCVLVJDR22BRJQVUKNVLXTPWUN4WQR","failed",".\official-recovered\millsberry.com\20071022132847__J2WCVLVJDR22BRJQVUKNVLXTPWUN4WQR__cotw__q651750747.phtml",0,"A connection attempt failed because the connected party did not properly respond after a period of time, or established connection failed because connected host has failed to respond. (web.archive.org:443)"
"20080906222745","http://www.millsberry.com:80/cotw.phtml?user=ashleymar","text/html","IGTUO67HMX5LMS2333QG7INKVT6LHUTS","failed",".\official-recovered\www.millsberry.com\20080906222745__IGTUO67HMX5LMS2333QG7INKVT6LHUTS__cotw__q1096450803.phtml",0,"A connection attempt failed because the connected party did not properly respond after a period of time, or established connection failed because connected host has failed to respond. (web.archive.org:443)"
"20071022132852","http://millsberry.com:80/cotw.phtml?user=aubrey17","text/html","ZZKV7T6KMRBZXOUBINWDOXTROLZYCIHK","downloaded",".\official-recovered\millsberry.com\20071022132852__ZZKV7T6KMRBZXOUBINWDOXTROLZYCIHK__cotw__q348788407.phtml",7305,""
"20080816174400","http://www.millsberry.com:80/cotw.phtml?user=austisport","text/html","C3LH3NLP2W44OLY3OKRMUHUB56TJZNE5","failed",".\official-recovered\www.millsberry.com\20080816174400__C3LH3NLP2W44OLY3OKRMUHUB56TJZNE5__cotw__q2129395544.phtml",0,"A connection attempt failed because the connected party did not properly respond after a period of time, or established connection failed because connected host has failed to respond. (web.archive.org:443)"
"20090719083407","http://www.millsberry.com:80/cotw.phtml?user=baby_yoda","text/html","Z5BYDLIQ4LHFYKRWEPVV3J5VLKU45G2M","failed",".\official-recovered\www.millsberry.com\20090719083407__Z5BYDLIQ4LHFYKRWEPVV3J5VLKU45G2M__cotw__q1831569483.phtml",0,"A connection attempt failed because the connected party did not properly respond after a period of time, or established connection failed because connected host has failed to respond. (web.archive.org:443)"
"20071022132857","http://millsberry.com:80/cotw.phtml?user=babyblue333","text/html","MZNKUDJMF5EANCWQD5PP2XRAVF6RX4DX","downloaded",".\official-recovered\millsberry.com\20071022132857__MZNKUDJMF5EANCWQD5PP2XRAVF6RX4DX__cotw__q950135393.phtml",7236,""
"20080921223811","http://www.millsberry.com:80/cotw.phtml?user=bbrownw12","text/html","IJNL5BLWJQEOIZQ3EVF5DJXAGUVQHONO","downloaded",".\official-recovered\www.millsberry.com\20080921223811__IJNL5BLWJQEOIZQ3EVF5DJXAGUVQHONO__cotw__q1860228292.phtml",6393,""
"20060902211920","http://www.millsberry.com:80/cotw.phtml?user=bexbex815","text/html","RBE32CVFM6REVHSEZNUOILSG3MQZU4VL","downloaded",".\official-recovered\www.millsberry.com\20060902211920__RBE32CVFM6REVHSEZNUOILSG3MQZU4VL__cotw__q1804099458.phtml",6959,""
"20081201063211","http://www.millsberry.com:80/cotw.phtml?user=beytawolf98","text/html","JNRHODBLAUWTA5WSUAWR237HHKU35T5G","failed",".\official-recovered\www.millsberry.com\20081201063211__JNRHODBLAUWTA5WSUAWR237HHKU35T5G__cotw__q70031040.phtml",0,"A connection attempt failed because the connected party did not properly respond after a period of time, or established connection failed because connected host has failed to respond. (web.archive.org:443)"
"20071022132912","http://millsberry.com:80/cotw.phtml?user=bibsy","text/html","V7G6ZZTIEI6TCL2GT3EQZO3PFQ2QKC4U","downloaded",".\official-recovered\millsberry.com\20071022132912__V7G6ZZTIEI6TCL2GT3EQZO3PFQ2QKC4U__cotw__q883300643.phtml",6490,""
"20071022132917","http://millsberry.com:80/cotw.phtml?user=big_t_dog","text/html","YH6ALQ5CA77PC6Z5TK4QZOQDDEGUI4OL","downloaded",".\official-recovered\millsberry.com\20071022132917__YH6ALQ5CA77PC6Z5TK4QZOQDDEGUI4OL__cotw__q89272361.phtml",6791,""
"20100415004206","http://www.millsberry.com:80/cotw.phtml?user=bluemonkeyzrok","text/html","FWLDWH3JO2BRS25AHSRISXWHH7BN5UWM","downloaded",".\official-recovered\www.millsberry.com\20100415004206__FWLDWH3JO2BRS25AHSRISXWHH7BN5UWM__cotw__q1645374189.phtml",9237,""
"20071022132922","http://millsberry.com:80/cotw.phtml?user=bmr456","text/html","KQWUMYWZQWSTSYA7ISCHH6FFH7MRM7D2","failed",".\official-recovered\millsberry.com\20071022132922__KQWUMYWZQWSTSYA7ISCHH6FFH7MRM7D2__cotw__q2097096969.phtml",0,"A connection attempt failed because the connected party did not properly respond after a period of time, or established connection failed because connected host has failed to respond. (web.archive.org:443)"
"20100423114811","http://www.millsberry.com:80/cotw.phtml?user=bonzo_97","text/html","HSAXC4Z54EPB2YCEB7YGVVYOCCHWI6JX","downloaded",".\official-recovered\www.millsberry.com\20100423114811__HSAXC4Z54EPB2YCEB7YGVVYOCCHWI6JX__cotw__q504330440.phtml",8786,""
"20070508031529","http://www.millsberry.com:80/cotw.phtml?user=booise","text/html","TD2H5DBAJL7ZHZ5HWP3N372CZYQ4H67I","downloaded",".\official-recovered\www.millsberry.com\20070508031529__TD2H5DBAJL7ZHZ5HWP3N372CZYQ4H67I__cotw__q1996457877.phtml",7331,""
"20071022132933","http://millsberry.com:80/cotw.phtml?user=bre922","text/html","RRIO632LG3QGM23GGS54YSJMD4KZPEFB","downloaded",".\official-recovered\millsberry.com\20071022132933__RRIO632LG3QGM23GGS54YSJMD4KZPEFB__cotw__q1040749156.phtml",7126,""
"20090223192950","http://www.millsberry.com:80/cotw.phtml?user=brennybearxoxo","text/html","2BS53O7BRKOLTP4QPW3NDGBGJIH2GB7X","downloaded",".\official-recovered\www.millsberry.com\20090223192950__2BS53O7BRKOLTP4QPW3NDGBGJIH2GB7X__cotw__q168170548.phtml",7788,""
"20071022132938","http://millsberry.com:80/cotw.phtml?user=brikat2005","text/html","5CSLGVQ3ZND3MXU2G5NXIBSL7N5KUGZN","failed",".\official-recovered\millsberry.com\20071022132938__5CSLGVQ3ZND3MXU2G5NXIBSL7N5KUGZN__cotw__q1854005336.phtml",0,"A connection attempt failed because the connected party did not properly respond after a period of time, or established connection failed because connected host has failed to respond. (web.archive.org:443)"
"20071022132943","http://millsberry.com:80/cotw.phtml?user=brixenivy4","text/html","7DTM5A4YHHT3GC2FKFW7PHOEVQYDBWNN","downloaded",".\official-recovered\millsberry.com\20071022132943__7DTM5A4YHHT3GC2FKFW7PHOEVQYDBWNN__cotw__q9484841.phtml",6243,""
"20110915232040","http://www.millsberry.com/cotw.phtml?user=brockwest","text/html","RFXH7F5N2OSLUPDPVZOOUL4OZWJXOLYP","downloaded",".\official-recovered\www.millsberry.com\20110915232040__RFXH7F5N2OSLUPDPVZOOUL4OZWJXOLYP__cotw__q1958833845.phtml",17550,""
"20071022132948","http://millsberry.com:80/cotw.phtml?user=brygaard","text/html","JEQJSWWMFQ5Y3IABB3VYVEAR3B6576PG","downloaded",".\official-recovered\millsberry.com\20071022132948__JEQJSWWMFQ5Y3IABB3VYVEAR3B6576PG__cotw__q760934325.phtml",6565,""
"20081016122201","http://www.millsberry.com:80/cotw.phtml?user=bubbleperson418","text/html","TEOGAOUMOV2XTD7JBWSTJL5P6ZW6SOA5","downloaded",".\official-recovered\www.millsberry.com\20081016122201__TEOGAOUMOV2XTD7JBWSTJL5P6ZW6SOA5__cotw__q405065980.phtml",7328,""
"20071022132953","http://millsberry.com:80/cotw.phtml?user=bubbles4121","text/html","MR2JM76G34BSCBWEOD6P2O3QSUVQMVFA","downloaded",".\official-recovered\millsberry.com\20071022132953__MR2JM76G34BSCBWEOD6P2O3QSUVQMVFA__cotw__q2065886607.phtml",6378,""
"20080805061506","http://www.millsberry.com:80/cotw.phtml?user=bulldawg_fan1","text/html","OJC2WFTIYNBRSVK7TIVEAV5M5PIN5LAU","downloaded",".\official-recovered\www.millsberry.com\20080805061506__OJC2WFTIYNBRSVK7TIVEAV5M5PIN5LAU__cotw__q1817922923.phtml",6313,""
"20080528223140","http://www.millsberry.com:80/cotw.phtml?user=cacdude","text/html","WB43I7WZHIM64G4RBDR7O5KPY3SEISLG","downloaded",".\official-recovered\www.millsberry.com\20080528223140__WB43I7WZHIM64G4RBDR7O5KPY3SEISLG__cotw__q1554447992.phtml",6362,""
"20071022132958","http://millsberry.com:80/cotw.phtml?user=candy316","text/html","5MCZCHPHZUQCPAG6ZIC5TYRNQ3SZ4Z42","downloaded",".\official-recovered\millsberry.com\20071022132958__5MCZCHPHZUQCPAG6ZIC5TYRNQ3SZ4Z42__cotw__q290306279.phtml",6681,""
"20071022133003","http://millsberry.com:80/cotw.phtml?user=carina409","text/html","PXQW7UELI3WRGZ5YF2XX6RDRZIXOMBYD","downloaded",".\official-recovered\millsberry.com\20071022133003__PXQW7UELI3WRGZ5YF2XX6RDRZIXOMBYD__cotw__q469006958.phtml",6984,""
"20080801102318","http://www.millsberry.com:80/cotw.phtml?user=carlo_619","text/html","OKIIMVLDTCJIMEQQXKINLOTJ4YX7WKVY","failed",".\official-recovered\www.millsberry.com\20080801102318__OKIIMVLDTCJIMEQQXKINLOTJ4YX7WKVY__cotw__q1631565985.phtml",0,"A connection attempt failed because the connected party did not properly respond after a period of time, or established connection failed because connected host has failed to respond. (web.archive.org:443)"
"20070513031012","http://www.millsberry.com:80/cotw.phtml?user=catize","text/html","RGCDPJBY5P2GZ5QVDXGJ7BEYTU4SS3F4","failed",".\official-recovered\www.millsberry.com\20070513031012__RGCDPJBY5P2GZ5QVDXGJ7BEYTU4SS3F4__cotw__q832307161.phtml",0,"A connection attempt failed because the connected party did not properly respond after a period of time, or established connection failed because connected host has failed to respond. (web.archive.org:443)"
"20090207155532","http://millsberry.com:80/cotw.phtml?user=cdc1432","text/html","FLW7DLNJQST4PR3XXZAJU6SSBFQSFAJB","downloaded",".\official-recovered\millsberry.com\20090207155532__FLW7DLNJQST4PR3XXZAJU6SSBFQSFAJB__cotw__q240943467.phtml",7234,""
"20071022133013","http://millsberry.com:80/cotw.phtml?user=cdude","text/html","CKVPCFOUVCFRU3763SRR4VSMSKULUMA3","failed",".\official-recovered\millsberry.com\20071022133013__CKVPCFOUVCFRU3763SRR4VSMSKULUMA3__cotw__q128980982.phtml",0,"A connection attempt failed because the connected party did not properly respond after a period of time, or established connection failed because connected host has failed to respond. (web.archive.org:443)"
"20071022133019","http://millsberry.com:80/cotw.phtml?user=chantaljr915","text/html","32CJ2CVM4WRXGYVNBHDA45ICZR4DCCBM","failed",".\official-recovered\millsberry.com\20071022133019__32CJ2CVM4WRXGYVNBHDA45ICZR4DCCBM__cotw__q268955346.phtml",0,"A connection attempt failed because the connected party did not properly respond after a period of time, or established connection failed because connected host has failed to respond. (web.archive.org:443)"
"20090404020316","http://www.millsberry.com:80/cotw.phtml?user=charlesman1023","text/html","ONVX5XBVYTM74YOHTVOZ4NWX34LIMXFT","downloaded",".\official-recovered\www.millsberry.com\20090404020316__ONVX5XBVYTM74YOHTVOZ4NWX34LIMXFT__cotw__q307220988.phtml",7174,""
"20071215183044","http://www.millsberry.com:80/cotw.phtml?user=chawey","text/html","7YMIBQ76IEQ67OA47APYAYKWX74AOQ26","downloaded",".\official-recovered\www.millsberry.com\20071215183044__7YMIBQ76IEQ67OA47APYAYKWX74AOQ26__cotw__q2138025915.phtml",6766,""
"20071022133025","http://millsberry.com:80/cotw.phtml?user=chreese","text/html","HM3HECVH3OKERDTHDLLGU5MWLE6M6T4P","downloaded",".\official-recovered\millsberry.com\20071022133025__HM3HECVH3OKERDTHDLLGU5MWLE6M6T4P__cotw__q319556773.phtml",7285,""
"20071022133030","http://millsberry.com:80/cotw.phtml?user=cindi657","text/html","TD7TNCTVIJRAZZP676FVLIPD43EUNZJQ","failed",".\official-recovered\millsberry.com\20071022133030__TD7TNCTVIJRAZZP676FVLIPD43EUNZJQ__cotw__q1322958479.phtml",0,"A connection attempt failed because the connected party did not properly respond after a period of time, or established connection failed because connected host has failed to respond. (web.archive.org:443)"
"20071022133035","http://millsberry.com:80/cotw.phtml?user=coolkaitlin11","text/html","UFLL2JAVIATNUQBIMGIKHCR7HVTTJQGB","downloaded",".\official-recovered\millsberry.com\20071022133035__UFLL2JAVIATNUQBIMGIKHCR7HVTTJQGB__cotw__q1301198046.phtml",7226,""
"20090412094738","http://www.millsberry.com:80/cotw.phtml?user=cruth1218","text/html","KT7CB6ZDKZKYRIFGCMUPINSWDUL3UZUB","downloaded",".\official-recovered\www.millsberry.com\20090412094738__KT7CB6ZDKZKYRIFGCMUPINSWDUL3UZUB__cotw__q833087559.phtml",7338,""
"20090122072606","http://www.millsberry.com:80/cotw.phtml?user=crystalinemoon","text/html","3QZB7CQSOV6C4MREY76WFSMEHG6CCAZL","downloaded",".\official-recovered\www.millsberry.com\20090122072606__3QZB7CQSOV6C4MREY76WFSMEHG6CCAZL__cotw__q1049698775.phtml",7434,""
"20080705184428","http://www.millsberry.com:80/cotw.phtml?user=cstara","text/html","DHSOV3SLVRRBXIXG5ZPZ54FRZ3OSD5K6","downloaded",".\official-recovered\www.millsberry.com\20080705184428__DHSOV3SLVRRBXIXG5ZPZ54FRZ3OSD5K6__cotw__q288125070.phtml",6299,""
"20071022133040","http://millsberry.com:80/cotw.phtml?user=cuttiepie18957","text/html","M2AM4J2BANNUWUXLFAXO7SUAUYK73CHX","downloaded",".\official-recovered\millsberry.com\20071022133040__M2AM4J2BANNUWUXLFAXO7SUAUYK73CHX__cotw__q124925820.phtml",7185,""
"20071022133045","http://millsberry.com:80/cotw.phtml?user=dancinstarz426","text/html","QDT445QTVHS5LPOXWI3BNTSCJ65CWSFQ","downloaded",".\official-recovered\millsberry.com\20071022133045__QDT445QTVHS5LPOXWI3BNTSCJ65CWSFQ__cotw__q82491780.phtml",6377,""
"20100416043100","http://www.millsberry.com:80/cotw.phtml?user=darkx9","text/html","2JKAZAWBTCXVV263YSNATMXDPIWFQBDB","downloaded",".\official-recovered\www.millsberry.com\20100416043100__2JKAZAWBTCXVV263YSNATMXDPIWFQBDB__cotw__q707391931.phtml",9470,""
"20071022133051","http://millsberry.com:80/cotw.phtml?user=dashawn39","text/html","PVVVHDLYSHWFYAUD42KQPNI2JHOUTJPK","failed",".\official-recovered\millsberry.com\20071022133051__PVVVHDLYSHWFYAUD42KQPNI2JHOUTJPK__cotw__q841401261.phtml",0,"A connection attempt failed because the connected party did not properly respond after a period of time, or established connection failed because connected host has failed to respond. (web.archive.org:443)"
"20100228204458","http://www.millsberry.com:80/cotw.phtml?user=davapink","text/html","NP2RII3CV3GFLHGH7R7IYYBDUWCOWRJR","downloaded",".\official-recovered\www.millsberry.com\20100228204458__NP2RII3CV3GFLHGH7R7IYYBDUWCOWRJR__cotw__q1138040489.phtml",9036,""
"20071022133056","http://millsberry.com:80/cotw.phtml?user=dayday104","text/html","DPKHBGBFFBPFOBCSG23C52PJCZY5WCSV","downloaded",".\official-recovered\millsberry.com\20071022133056__DPKHBGBFFBPFOBCSG23C52PJCZY5WCSV__cotw__q611587061.phtml",6642,""
"20071022133101","http://millsberry.com:80/cotw.phtml?user=dellz","text/html","IFQ6UQ4ORHDHVZVUCJYZSTEW3HSML2QS","downloaded",".\official-recovered\millsberry.com\20071022133101__IFQ6UQ4ORHDHVZVUCJYZSTEW3HSML2QS__cotw__q82878555.phtml",6704,""
"20090806093329","http://millsberry.com:80/cotw.phtml?user=dolphin0014","text/html","ZL6GRFS537M6CGFZJFRLM7Y47ZXPJLSS","downloaded",".\official-recovered\millsberry.com\20090806093329__ZL6GRFS537M6CGFZJFRLM7Y47ZXPJLSS__cotw__q337468802.phtml",7216,""
"20080127104732","http://www.millsberry.com:80/cotw.phtml?user=drwho2006","text/html","FSUX43VS7LZPYA36BNMKRG2DZK6LLXZH","downloaded",".\official-recovered\www.millsberry.com\20080127104732__FSUX43VS7LZPYA36BNMKRG2DZK6LLXZH__cotw__q1732295655.phtml",6811,""
"20071011192413","http://millsberry.com/cotw.phtml?user=duck_man","text/html","T3MRKOCJNPLB2CCY2BMQUPYCBEYBDMXN","downloaded",".\official-recovered\millsberry.com\20071011192413__T3MRKOCJNPLB2CCY2BMQUPYCBEYBDMXN__cotw__q1285701660.phtml",6107,""
"20091115080517","http://www.millsberry.com:80/cotw.phtml?user=efosajoshse28","text/html","6BX7OABPMHIV6YRWOGTZWAXIRAGMTGS3","downloaded",".\official-recovered\www.millsberry.com\20091115080517__6BX7OABPMHIV6YRWOGTZWAXIRAGMTGS3__cotw__q589220661.phtml",8744,""
"20071022133106","http://millsberry.com:80/cotw.phtml?user=eggyolk11","text/html","5XDPKSU3NGANPRRPDJK35YOHEP725IW3","downloaded",".\official-recovered\millsberry.com\20071022133106__5XDPKSU3NGANPRRPDJK35YOHEP725IW3__cotw__q368830388.phtml",6676,""
"20071022133111","http://millsberry.com:80/cotw.phtml?user=elphaba89","text/html","NN335EKIEBG3FWJJZXLMK2D64RAJSKQU","downloaded",".\official-recovered\millsberry.com\20071022133111__NN335EKIEBG3FWJJZXLMK2D64RAJSKQU__cotw__q1134115373.phtml",6499,""
"20071022133116","http://millsberry.com:80/cotw.phtml?user=eternal_calm","text/html","GWFJ5XDRM624V6UNOWYZ7UEOBDGQ7BEZ","failed",".\official-recovered\millsberry.com\20071022133116__GWFJ5XDRM624V6UNOWYZ7UEOBDGQ7BEZ__cotw__q1497226990.phtml",0,"A connection attempt failed because the connected party did not properly respond after a period of time, or established connection failed because connected host has failed to respond. (web.archive.org:443)"
"20070317201114","http://www.millsberry.com:80/cotw.phtml?user=faryn98","text/html","F3TWRR6KMHGOB3RTGFIO7PAKARKD3NXA","failed",".\official-recovered\www.millsberry.com\20070317201114__F3TWRR6KMHGOB3RTGFIO7PAKARKD3NXA__cotw__q752893027.phtml",0,"A connection attempt failed because the connected party did not properly respond after a period of time, or established connection failed because connected host has failed to respond. (web.archive.org:443)"
"20090207154806","http://millsberry.com:80/cotw.phtml?user=fatdog2468","text/html","MLNVO6SP6XMWTUPA6DIAWRBRVQBPYVBU","downloaded",".\official-recovered\millsberry.com\20090207154806__MLNVO6SP6XMWTUPA6DIAWRBRVQBPYVBU__cotw__q308312232.phtml",7162,""
"20080727025335","http://www.millsberry.com:80/cotw.phtml?user=fiorella_1998","text/html","XBDUROOGME4DVLXJO7KXB77LAWJP7L4E","failed",".\official-recovered\www.millsberry.com\20080727025335__XBDUROOGME4DVLXJO7KXB77LAWJP7L4E__cotw__q1639793741.phtml",0,"A connection attempt failed because the connected party did not properly respond after a period of time, or established connection failed because connected host has failed to respond. (web.archive.org:443)"
"20071022133126","http://millsberry.com:80/cotw.phtml?user=fling_frog100","text/html","5HKMCPHUVH4EKM5MCWY22STUKDH42UZL","failed",".\official-recovered\millsberry.com\20071022133126__5HKMCPHUVH4EKM5MCWY22STUKDH42UZL__cotw__q578925983.phtml",0,"A connection attempt failed because the connected party did not properly respond after a period of time, or established connection failed because connected host has failed to respond. (web.archive.org:443)"
"20071022133131","http://millsberry.com:80/cotw.phtml?user=flowerkitty","text/html","UU2H5UN5P5UGNFHNSISEN5AC275HA6QX","downloaded",".\official-recovered\millsberry.com\20071022133131__UU2H5UN5P5UGNFHNSISEN5AC275HA6QX__cotw__q1766524239.phtml",7079,""
"20090909053808","http://millsberry.com:80/cotw.phtml?user=frauste","text/html","THEXVWCLPPNO7QVFIY3DV6CUKNA2EUZR","downloaded",".\official-recovered\millsberry.com\20090909053808__THEXVWCLPPNO7QVFIY3DV6CUKNA2EUZR__cotw__q872465803.phtml",8647,""
"20071022133136","http://millsberry.com:80/cotw.phtml?user=fryolla","text/html","RYLCSK6BDS56WB6GZD6GGB6AWU4B42VX","downloaded",".\official-recovered\millsberry.com\20071022133136__RYLCSK6BDS56WB6GZD6GGB6AWU4B42VX__cotw__q890011527.phtml",6554,""
