file,extension,reference
official-recovered-assets\_download_log.csv,.csv,//millsberry.com/css/jquery/jquery-millsberry-css.phtml
official-recovered-assets\_download_log.csv,.csv,//millsberry.com/css/theme/royal.phtml?v=3
official-recovered-assets\_download_log.csv,.csv,//www.millsberry.com/buddy/process_buddy.phtml
official-recovered-assets\_download_log.csv,.csv,//www.millsberry.com/images/buddy/buddy_featured_v8.swf?buddyScriptURL=http://www.millsberry.com/buddy/process_buddy.phtml&buddyTimeStamp=20050131&userName=suavesperk
official-recovered-assets\_download_log.csv,.csv,//www.millsberry.com/images/site_gfx/maps/downtown_v12.swf
official-recovered-assets\_download_log.csv,.csv,20040710121933__NLF2CPHXQCMXNAY4MTXA7OECHZBUYQY3__item_loader_v3__q143339651.swf
official-recovered-assets\_download_log.csv,.csv,20040722053830__WU5DZTAKDHCJQTUITDHM2XMJXRAOBNHN__int_millsacademy_v2.swf
official-recovered-assets\_download_log.csv,.csv,20040722061006__Q3LHSYXMFAFS3BWCULQ275YHFI43IJW7__int_arcade_v1.swf
official-recovered-assets\_download_log.csv,.csv,20040724215350__TAT43DIA3JOPWUE4W2CT3XXU5PILWHOZ__int_police_v1.swf
official-recovered-assets\_download_log.csv,.csv,20040804141842__LIONWN6EUHZPJY736JRWGT7ZJ7BOJLBZ__item_loader_v5__q143339651.swf
official-recovered-assets\_download_log.csv,.csv,20040903132948__UG6ITVPCB4Y4GKUQGFANZULYNEWNLNF5__int_townhall_v4__q375725877.swf
official-recovered-assets\_download_log.csv,.csv,20040904193446__MCJOQRDR2DD6SRCH3XMWS3YB5OLEB3WD__int_townhall_v5.swf
official-recovered-assets\_download_log.csv,.csv,20040907140512__3K5ZWTRJIMECCPB25RL57F7UIZQSHKKE__int_millsacademy_v3.swf
official-recovered-assets\_download_log.csv,.csv,20040907140515__37S7FDKE7VOJDVU2BHBDIOIZ3W2YAGFJ__int_hallway_v3.swf
official-recovered-assets\_download_log.csv,.csv,20040907143124__GRMUB6TP7TWNWLATNSUDIVJCN7NLGDZQ__int_classroom_v3.swf
official-recovered-assets\_download_log.csv,.csv,20040908071655__UNUCAOPNFQZSJAWNSGG26SK4XCMLGRJM__int_hist_soc_v1.swf
official-recovered-assets\_download_log.csv,.csv,20040926212702__44XAZE4NFR57Y3A4E5OCFX3O3CFBA4GB__int_gym_v1.swf
official-recovered-assets\_download_log.csv,.csv,20041114224920__PR4J4DP2BUDTBCGIDRT63BTD66H5DNQI__int_park_v5.swf
official-recovered-assets\_download_log.csv,.csv,20041122135840__43JJRFANEJJXQIIWO4AXGQLJJBFUIYET__trix_puzzle_v3__q1267684362.swf
official-recovered-assets\_download_log.csv,.csv,20041122140810__43JJRFANEJJXQIIWO4AXGQLJJBFUIYET__trix_puzzle_v3__q753628675.swf
official-recovered-assets\_download_log.csv,.csv,20041122140949__43JJRFANEJJXQIIWO4AXGQLJJBFUIYET__trix_puzzle_v3__q1287724455.swf
official-recovered-assets\_download_log.csv,.csv,20041122141845__43JJRFANEJJXQIIWO4AXGQLJJBFUIYET__trix_puzzle_v3__q1310303856.swf
official-recovered-assets\_download_log.csv,.csv,20041123003330__43JJRFANEJJXQIIWO4AXGQLJJBFUIYET__trix_puzzle_v3__q662082394.swf
official-recovered-assets\_download_log.csv,.csv,20041123003357__43JJRFANEJJXQIIWO4AXGQLJJBFUIYET__trix_puzzle_v3__q739678778.swf
official-recovered-assets\_download_log.csv,.csv,20041123003435__43JJRFANEJJXQIIWO4AXGQLJJBFUIYET__trix_puzzle_v3__q1406969288.swf
official-recovered-assets\_download_log.csv,.csv,20041123003508__43JJRFANEJJXQIIWO4AXGQLJJBFUIYET__trix_puzzle_v3__q1559413870.swf
official-recovered-assets\_download_log.csv,.csv,20041123003536__43JJRFANEJJXQIIWO4AXGQLJJBFUIYET__trix_puzzle_v3__q1111740910.swf
official-recovered-assets\_download_log.csv,.csv,20041123003614__43JJRFANEJJXQIIWO4AXGQLJJBFUIYET__trix_puzzle_v3__q954807637.swf
official-recovered-assets\_download_log.csv,.csv,20041123003649__NTYF6XTUNDYFOKUROR3TFB7ATICZCSV2__int_classroom_v5__q782727803.swf
official-recovered-assets\_download_log.csv,.csv,20041125173236__ULKMYW4PVTTYEXCVT6PN24GRJ44FQRFM__mainmap_v7.swf
official-recovered-assets\_download_log.csv,.csv,20041126130350__PFC4YHKOOBDN7KT7GNQX7WKFTK5XIWSL__int_classroom_v11__q782727803.swf
official-recovered-assets\_download_log.csv,.csv,20041207124149__PCAFHJX2DZCBF5PZXTXMF6QJOZWEGD33__item_book_loader_v3.swf
official-recovered-assets\_download_log.csv,.csv,20041207131352__DR53G2M6HNJEXSIWGTIWXUSKT3OJ3257__int_entertainment_v3.swf
official-recovered-assets\_download_log.csv,.csv,20041209110441__J7BXQ7SHUMDZDMI3JR2YTDPP3VDJZIHY__int_hallway_v11.swf
official-recovered-assets\_download_log.csv,.csv,20041229024444__CDD5O367PQIWPJVNR2M5XS5GJMXDMFOO__mainmap_v10.swf
official-recovered-assets\_download_log.csv,.csv,20041229223612__VY44LOPFQQJYBPOPFXVLSPNBHMJK2UVS__int_park_v7.swf
official-recovered-assets\_download_log.csv,.csv,20041230065644__OA4GZVJKN6H4CY5SNPQKECTHGYTRSD6R__int_millsacademy_v5.swf
official-recovered-assets\_download_log.csv,.csv,20050306052755__FN5ASQFI5ULSPZ4XQTQRX3J6FJVWYOOC__downtown_v15.swf
official-recovered-assets\_download_log.csv,.csv,20050331134329__OJOWUZQIZTEZGII5SAPX2VQWKIGNKQVF__mainmap_v12.swf
official-recovered-assets\_download_log.csv,.csv,20050331134852__S7KR4DA2HB623XUHGMSLF3TFEHH5UVDF__item_book_loader_v5.swf
official-recovered-assets\_download_log.csv,.csv,20050331161241__LIONWN6EUHZPJY736JRWGT7ZJ7BOJLBZ__item_loader_v5.swf
official-recovered-assets\_download_log.csv,.csv,20050406142411__Y5QLOTFO4LM4MBDQT5G4LVLHR3HRKCK2__int_park_v9.swf
official-recovered-assets\_download_log.csv,.csv,20050510222730__QKRSKGZNUAVDVBGH6DZCC7ZOIHUWKF2L__int_ext_com_center.swf
official-recovered-assets\_download_log.csv,.csv,20050520021403__D2QHWKDK5CGCTAOMCPLHHFBDJM5RXJP4__downtown_v18.swf
official-recovered-assets\_download_log.csv,.csv,20050531074554__YJFHIPPXO57LBF4PQDINEJPYC5D2Q7QN__int_hist_soc_v4.swf
official-recovered-assets\_download_log.csv,.csv,20050824203215__CF4SC7RLJPOIEV6KMCXLHXCJZ7JGAOCP__mainmap_v18.swf
official-recovered-assets\_download_log.csv,.csv,20060216161828__M6SSH7CAPKKTLPOOCJ4KYFQJMTGDI4MH__buddy_featured_v8__q333294802.swf
official-recovered-assets\_download_log.csv,.csv,20060223171442__LCX7OPQK43FT6Y4VVW45JOV6RPGQSCXX__downtown_v12.swf
official-recovered-assets\_download_log.csv,.csv,20100508145543__CAHO6XWR3PHYLNSBINBI3Y4VESVC2U3N__royal__q292146443.phtml
official-recovered-assets\_download_log.csv,.csv,20100508145610__JJ4GAZZPOGSVRUD4JKOFL5I4QW3NQ4FE__jquery-millsberry-css.phtml
official-recovered-assets\_download_log.csv,.csv,20100802150600__WV5SMDUBNMBUQKPJ45GZY6TFHF5IV4YA__ajax__q83180558.phtml
official-recovered-assets\_download_log.csv,.csv,80/campaigns/frudare2010/ajax.phtml?
official-recovered-assets\_download_log.csv,.csv,80/images/item_loader_v3.swf?itemLoaderXML=
official-recovered-assets\_download_log.csv,.csv,80/images/item_loader_v5.swf
official-recovered-assets\_download_log.csv,.csv,80/images/item_loader_v5.swf?itemLoaderXML=
official-recovered-assets\_download_log.csv,.csv,80/images/library/item_book_loader_v3.swf
official-recovered-assets\_download_log.csv,.csv,80/images/library/item_book_loader_v5.swf
official-recovered-assets\_download_log.csv,.csv,80/images/site_gfx/brand_activities/trix_puzzle_v3.swf?piecesFound=1
official-recovered-assets\_download_log.csv,.csv,80/images/site_gfx/brand_activities/trix_puzzle_v3.swf?piecesFound=10
official-recovered-assets\_download_log.csv,.csv,80/images/site_gfx/brand_activities/trix_puzzle_v3.swf?piecesFound=11
official-recovered-assets\_download_log.csv,.csv,80/images/site_gfx/brand_activities/trix_puzzle_v3.swf?piecesFound=12
official-recovered-assets\_download_log.csv,.csv,80/images/site_gfx/brand_activities/trix_puzzle_v3.swf?piecesFound=3
official-recovered-assets\_download_log.csv,.csv,80/images/site_gfx/brand_activities/trix_puzzle_v3.swf?piecesFound=5
official-recovered-assets\_download_log.csv,.csv,80/images/site_gfx/brand_activities/trix_puzzle_v3.swf?piecesFound=6
official-recovered-assets\_download_log.csv,.csv,80/images/site_gfx/brand_activities/trix_puzzle_v3.swf?piecesFound=7
official-recovered-assets\_download_log.csv,.csv,80/images/site_gfx/brand_activities/trix_puzzle_v3.swf?piecesFound=8
official-recovered-assets\_download_log.csv,.csv,80/images/site_gfx/brand_activities/trix_puzzle_v3.swf?piecesFound=9
official-recovered-assets\_download_log.csv,.csv,80/images/site_gfx/interiors/int_arcade_v1.swf
official-recovered-assets\_download_log.csv,.csv,80/images/site_gfx/interiors/int_classroom_v11.swf?hideTrixRabbit=1
official-recovered-assets\_download_log.csv,.csv,80/images/site_gfx/interiors/int_classroom_v3.swf
official-recovered-assets\_download_log.csv,.csv,80/images/site_gfx/interiors/int_classroom_v5.swf?hideTrixRabbit=1
official-recovered-assets\_download_log.csv,.csv,80/images/site_gfx/interiors/int_entertainment_v3.swf
official-recovered-assets\_download_log.csv,.csv,80/images/site_gfx/interiors/int_ext_com_center.swf
official-recovered-assets\_download_log.csv,.csv,80/images/site_gfx/interiors/int_gym_v1.swf
official-recovered-assets\_download_log.csv,.csv,80/images/site_gfx/interiors/int_hallway_v11.swf
official-recovered-assets\_download_log.csv,.csv,80/images/site_gfx/interiors/int_hallway_v3.swf
official-recovered-assets\_download_log.csv,.csv,80/images/site_gfx/interiors/int_hist_soc_v1.swf
official-recovered-assets\_download_log.csv,.csv,80/images/site_gfx/interiors/int_hist_soc_v4.swf
official-recovered-assets\_download_log.csv,.csv,80/images/site_gfx/interiors/int_millsacademy_v2.swf
official-recovered-assets\_download_log.csv,.csv,80/images/site_gfx/interiors/int_millsacademy_v3.swf
official-recovered-assets\_download_log.csv,.csv,80/images/site_gfx/interiors/int_millsacademy_v5.swf
official-recovered-assets\_download_log.csv,.csv,80/images/site_gfx/interiors/int_park_v5.swf
official-recovered-assets\_download_log.csv,.csv,80/images/site_gfx/interiors/int_park_v7.swf
official-recovered-assets\_download_log.csv,.csv,80/images/site_gfx/interiors/int_park_v9.swf
official-recovered-assets\_download_log.csv,.csv,80/images/site_gfx/interiors/int_police_v1.swf
official-recovered-assets\_download_log.csv,.csv,80/images/site_gfx/interiors/int_townhall_v4.swf?iMinutesToday=1172
official-recovered-assets\_download_log.csv,.csv,80/images/site_gfx/interiors/int_townhall_v5.swf
official-recovered-assets\_download_log.csv,.csv,80/images/site_gfx/maps/downtown_v15.swf
official-recovered-assets\_download_log.csv,.csv,80/images/site_gfx/maps/downtown_v18.swf
official-recovered-assets\_download_log.csv,.csv,80/images/site_gfx/maps/mainmap_v10.swf
official-recovered-assets\_download_log.csv,.csv,80/images/site_gfx/maps/mainmap_v12.swf
official-recovered-assets\_download_log.csv,.csv,80/images/site_gfx/maps/mainmap_v18.swf
official-recovered-assets\_download_log.csv,.csv,80/images/site_gfx/maps/mainmap_v7.swf
official-recovered-assets\_download_log.csv,.csv,http://millsberry.com/common.js?v=3
official-recovered-assets\_download_log.csv,.csv,http://millsberry.com/css/global.css?v=3
official-recovered-assets\_download_log.csv,.csv,http://millsberry.com/css/index.css?v=1
official-recovered-assets\_download_log.csv,.csv,http://millsberry.com/css/jquery/images/ui-bg_flat_0_434343_40x100.png
official-recovered-assets\_download_log.csv,.csv,http://millsberry.com/css/jquery/images/ui-bg_flat_40_2D45AE_40x100.png
official-recovered-assets\_download_log.csv,.csv,http://millsberry.com/css/jquery/images/ui-bg_flat_40_ffffff_40x100.png
official-recovered-assets\_download_log.csv,.csv,http://millsberry.com/css/jquery/images/ui-bg_glass_55_fbf9ee_1x400.png
official-recovered-assets\_download_log.csv,.csv,http://millsberry.com/css/jquery/images/ui-bg_glass_65_ffffff_1x400.png
official-recovered-assets\_download_log.csv,.csv,http://millsberry.com/css/jquery/images/ui-bg_highlight-soft_20_2D45AE_1x100.png
official-recovered-assets\_download_log.csv,.csv,http://millsberry.com/css/jquery/images/ui-bg_highlight-soft_40_000099_1x100.png
official-recovered-assets\_download_log.csv,.csv,http://millsberry.com/css/jquery/images/ui-bg_inset-soft_95_fef1ec_1x100.png
official-recovered-assets\_download_log.csv,.csv,http://millsberry.com/css/jquery/images/ui-icons_000000_256x240.png
official-recovered-assets\_download_log.csv,.csv,http://millsberry.com/css/jquery/images/ui-icons_2e83ff_256x240.png
official-recovered-assets\_download_log.csv,.csv,http://millsberry.com/css/jquery/images/ui-icons_454545_256x240.png
official-recovered-assets\_download_log.csv,.csv,http://millsberry.com/css/jquery/images/ui-icons_cd0a0a_256x240.png
official-recovered-assets\_download_log.csv,.csv,http://millsberry.com/css/jquery/images/ui-icons_f0f0f0_256x240.png
official-recovered-assets\_download_log.csv,.csv,http://millsberry.com/css/jquery/images/ui-icons_ffffff_256x240.png
official-recovered-assets\_download_log.csv,.csv,http://millsberry.com/css/jquery/jquery-custom.css
official-recovered-assets\_download_log.csv,.csv,http://millsberry.com/css/jquery/jquery-millsberry-css.phtml
official-recovered-assets\_download_log.csv,.csv,http://millsberry.com/css/template.css?v=6
official-recovered-assets\_download_log.csv,.csv,http://millsberry.com/css/theme/royal.phtml?v=3
official-recovered-assets\_download_log.csv,.csv,http://millsberry.com/images/blendbar.jpg
official-recovered-assets\_download_log.csv,.csv,http://millsberry.com/images/glogo.jpg
official-recovered-assets\_download_log.csv,.csv,http://millsberry.com/images/glogo2.png
official-recovered-assets\_download_log.csv,.csv,http://millsberry.com/images/go-button-gateway.gif
official-recovered-assets\_download_log.csv,.csv,http://millsberry.com/images/petabox-header.png
official-recovered-assets\_download_log.csv,.csv,http://millsberry.com:80/css/template.css?v=1
official-recovered-assets\_download_log.csv,.csv,http://millsberry.com:80/css/theme/royal.css?v=1
official-recovered-assets\_download_log.csv,.csv,http://millsberry.com:80/hidden.js?v=1
official-recovered-assets\_download_log.csv,.csv,http://www.millsberry.com/common.js?v=1
official-recovered-assets\_download_log.csv,.csv,http://www.millsberry.com/common.js?v=2
official-recovered-assets\_download_log.csv,.csv,http://www.millsberry.com/css/ie.css
official-recovered-assets\_download_log.csv,.csv,http://www.millsberry.com/css/template.css
official-recovered-assets\_download_log.csv,.csv,http://www.millsberry.com/css/theme/royal.css
official-recovered-assets\_download_log.csv,.csv,http://www.millsberry.com/downloads/millsberry-citizens.jpg
official-recovered-assets\_download_log.csv,.csv,http://www.millsberry.com/downloads/wallpaper-m-1024-768.jpg
official-recovered-assets\_download_log.csv,.csv,http://www.millsberry.com/downloads/wallpaper-m-1280-1024.jpg
official-recovered-assets\_download_log.csv,.csv,http://www.millsberry.com/downloads/wallpaper-m-1280-800.jpg
official-recovered-assets\_download_log.csv,.csv,http://www.millsberry.com/downloads/wallpaper-m-1440-900.jpg
official-recovered-assets\_download_log.csv,.csv,http://www.millsberry.com/downloads/wallpaper-people-1024-768.jpg
official-recovered-assets\_download_log.csv,.csv,http://www.millsberry.com/downloads/wallpaper-people-1280-1024.jpg
official-recovered-assets\_download_log.csv,.csv,http://www.millsberry.com/downloads/wallpaper-people-1280-800.jpg
official-recovered-assets\_download_log.csv,.csv,http://www.millsberry.com/downloads/wallpaper-people-1440-900.jpg
official-recovered-assets\_download_log.csv,.csv,http://www.millsberry.com/favicon.ico
official-recovered-assets\_download_log.csv,.csv,http://www.millsberry.com/images/bg-dwnlds-icons.gif
official-recovered-assets\_download_log.csv,.csv,http://www.millsberry.com/images/bg-dwnlds.gif
official-recovered-assets\_download_log.csv,.csv,http://www.millsberry.com/images/bg-sites.gif
official-recovered-assets\_download_log.csv,.csv,http://www.millsberry.com/images/btn-00-danner.gif
official-recovered-assets\_download_log.csv,.csv,http://www.millsberry.com/images/btn-00-edna.gif
official-recovered-assets\_download_log.csv,.csv,http://www.millsberry.com/images/btn-00-loretta.gif
official-recovered-assets\_download_log.csv,.csv,http://www.millsberry.com/images/btn-00-m.gif
official-recovered-assets\_download_log.csv,.csv,http://www.millsberry.com/images/btn-00-siobhan.gif
official-recovered-assets\_download_log.csv,.csv,http://www.millsberry.com/images/btn-00-wright.gif
official-recovered-assets\_download_log.csv,.csv,http://www.millsberry.com/images/btn-01-danner.gif
official-recovered-assets\_download_log.csv,.csv,http://www.millsberry.com/images/btn-01-edna.gif
official-recovered-assets\_download_log.csv,.csv,http://www.millsberry.com/images/btn-01-loretta.gif
official-recovered-assets\_download_log.csv,.csv,http://www.millsberry.com/images/btn-01-m.gif
official-recovered-assets\_download_log.csv,.csv,http://www.millsberry.com/images/btn-01-siobhan.gif
official-recovered-assets\_download_log.csv,.csv,http://www.millsberry.com/images/btn-01-wright.gif
official-recovered-assets\_download_log.csv,.csv,http://www.millsberry.com/images/btn-download-00.gif
official-recovered-assets\_download_log.csv,.csv,http://www.millsberry.com/images/btn-download-01.gif
official-recovered-assets\_download_log.csv,.csv,http://www.millsberry.com/images/buddy/buddy_featured_v8.swf?buddyScriptURL=http://www.millsberry.com/buddy/process_buddy.phtml&buddyTimeStamp=20050131&userName=suavesperk
official-recovered-assets\_download_log.csv,.csv,http://www.millsberry.com/images/characters-left.gif
official-recovered-assets\_download_log.csv,.csv,http://www.millsberry.com/images/characters-right.gif
official-recovered-assets\_download_log.csv,.csv,http://www.millsberry.com/images/hdr-im-icons.gif
official-recovered-assets\_download_log.csv,.csv,http://www.millsberry.com/images/hdr-printable-keepsakes.gif
official-recovered-assets\_download_log.csv,.csv,http://www.millsberry.com/images/hdr-sites-check-out.gif
official-recovered-assets\_download_log.csv,.csv,http://www.millsberry.com/images/hdr-wallpaper.gif
official-recovered-assets\_download_log.csv,.csv,http://www.millsberry.com/images/img-danner.gif
official-recovered-assets\_download_log.csv,.csv,http://www.millsberry.com/images/img-edna.gif
official-recovered-assets\_download_log.csv,.csv,http://www.millsberry.com/images/img-loretta.gif
official-recovered-assets\_download_log.csv,.csv,http://www.millsberry.com/images/img-m.gif
official-recovered-assets\_download_log.csv,.csv,http://www.millsberry.com/images/img-siobhan.gif
official-recovered-assets\_download_log.csv,.csv,http://www.millsberry.com/images/img-thankyou.gif
official-recovered-assets\_download_log.csv,.csv,http://www.millsberry.com/images/img-wright.gif
official-recovered-assets\_download_log.csv,.csv,http://www.millsberry.com/images/logo-millsberry.png
official-recovered-assets\_download_log.csv,.csv,http://www.millsberry.com/images/poster-01.gif
official-recovered-assets\_download_log.csv,.csv,http://www.millsberry.com/images/poster-02.gif
official-recovered-assets\_download_log.csv,.csv,http://www.millsberry.com/images/site_gfx/copyright.gif
official-recovered-assets\_download_log.csv,.csv,http://www.millsberry.com/images/site_gfx/gazette_banner.gif
official-recovered-assets\_download_log.csv,.csv,http://www.millsberry.com/images/site_gfx/gazette_logo.gif
official-recovered-assets\_download_log.csv,.csv,http://www.millsberry.com/images/site_gfx/greenbar.gif
official-recovered-assets\_download_log.csv,.csv,http://www.millsberry.com/images/site_gfx/header_gfx/title_gamepages_games_list.gif
official-recovered-assets\_download_log.csv,.csv,http://www.millsberry.com/images/site_gfx/header_gfx/title_home_index.gif
official-recovered-assets\_download_log.csv,.csv,http://www.millsberry.com/images/site_gfx/header_gfx/title_main_map.gif
official-recovered-assets\_download_log.csv,.csv,http://www.millsberry.com/images/site_gfx/interiors/gazette/ads/ad_charmhint_6_v1.gif
official-recovered-assets\_download_log.csv,.csv,http://www.millsberry.com/images/site_gfx/interiors/gazette/news_hide&seek_1_v1.gif
official-recovered-assets\_download_log.csv,.csv,http://www.millsberry.com/images/site_gfx/interiors/gazette/news_petpalace_3_v1.gif
official-recovered-assets\_download_log.csv,.csv,http://www.millsberry.com/images/site_gfx/interiors/gazette/news_studentstore_01_v1.gif
official-recovered-assets\_download_log.csv,.csv,http://www.millsberry.com/images/site_gfx/interiors/gazette/news_valentine_1_v1.gif
official-recovered-assets\_download_log.csv,.csv,http://www.millsberry.com/images/site_gfx/logo.gif
official-recovered-assets\_download_log.csv,.csv,http://www.millsberry.com/images/site_gfx/maps/downtown_v12.swf
official-recovered-assets\_download_log.csv,.csv,http://www.millsberry.com/images/site_gfx/paperbullet.gif
official-recovered-assets\_download_log.csv,.csv,http://www.millsberry.com/images/site_gfx/playbutton.gif
official-recovered-assets\_download_log.csv,.csv,http://www.millsberry.com:80/campaigns/frudare2010/ajax.phtml?
official-recovered-assets\_download_log.csv,.csv,http://www.millsberry.com:80/common.js
official-recovered-assets\_download_log.csv,.csv,http://www.millsberry.com:80/commonJS.js
official-recovered-assets\_download_log.csv,.csv,http://www.millsberry.com:80/downloads/history-of-millsberry.pdf
official-recovered-assets\_download_log.csv,.csv,http://www.millsberry.com:80/hidden.js
official-recovered-assets\_download_log.csv,.csv,http://www.millsberry.com:80/images/item_loader_v3.swf?itemLoaderXML=
official-recovered-assets\_download_log.csv,.csv,http://www.millsberry.com:80/images/item_loader_v5.swf
official-recovered-assets\_download_log.csv,.csv,http://www.millsberry.com:80/images/item_loader_v5.swf?itemLoaderXML=
official-recovered-assets\_download_log.csv,.csv,http://www.millsberry.com:80/images/library/item_book_loader_v3.swf
official-recovered-assets\_download_log.csv,.csv,http://www.millsberry.com:80/images/library/item_book_loader_v5.swf
official-recovered-assets\_download_log.csv,.csv,http://www.millsberry.com:80/images/site_gfx/back_2.gif
official-recovered-assets\_download_log.csv,.csv,http://www.millsberry.com:80/images/site_gfx/back_down_2.gif
official-recovered-assets\_download_log.csv,.csv,http://www.millsberry.com:80/images/site_gfx/back_over_2.gif
official-recovered-assets\_download_log.csv,.csv,http://www.millsberry.com:80/images/site_gfx/brand_activities/trix_puzzle_v3.swf?piecesFound=1
official-recovered-assets\_download_log.csv,.csv,http://www.millsberry.com:80/images/site_gfx/brand_activities/trix_puzzle_v3.swf?piecesFound=10
official-recovered-assets\_download_log.csv,.csv,http://www.millsberry.com:80/images/site_gfx/brand_activities/trix_puzzle_v3.swf?piecesFound=11
official-recovered-assets\_download_log.csv,.csv,http://www.millsberry.com:80/images/site_gfx/brand_activities/trix_puzzle_v3.swf?piecesFound=12
official-recovered-assets\_download_log.csv,.csv,http://www.millsberry.com:80/images/site_gfx/brand_activities/trix_puzzle_v3.swf?piecesFound=3
official-recovered-assets\_download_log.csv,.csv,http://www.millsberry.com:80/images/site_gfx/brand_activities/trix_puzzle_v3.swf?piecesFound=5
official-recovered-assets\_download_log.csv,.csv,http://www.millsberry.com:80/images/site_gfx/brand_activities/trix_puzzle_v3.swf?piecesFound=6
official-recovered-assets\_download_log.csv,.csv,http://www.millsberry.com:80/images/site_gfx/brand_activities/trix_puzzle_v3.swf?piecesFound=7
official-recovered-assets\_download_log.csv,.csv,http://www.millsberry.com:80/images/site_gfx/brand_activities/trix_puzzle_v3.swf?piecesFound=8
official-recovered-assets\_download_log.csv,.csv,http://www.millsberry.com:80/images/site_gfx/brand_activities/trix_puzzle_v3.swf?piecesFound=9
official-recovered-assets\_download_log.csv,.csv,http://www.millsberry.com:80/images/site_gfx/choose.gif
official-recovered-assets\_download_log.csv,.csv,http://www.millsberry.com:80/images/site_gfx/choose_down.gif
official-recovered-assets\_download_log.csv,.csv,http://www.millsberry.com:80/images/site_gfx/choose_over.gif
official-recovered-assets\_download_log.csv,.csv,http://www.millsberry.com:80/images/site_gfx/gamesbutton.gif
official-recovered-assets\_download_log.csv,.csv,http://www.millsberry.com:80/images/site_gfx/gamesbutton_down.gif
official-recovered-assets\_download_log.csv,.csv,http://www.millsberry.com:80/images/site_gfx/gamesbutton_over.gif
official-recovered-assets\_download_log.csv,.csv,http://www.millsberry.com:80/images/site_gfx/header_gfx/title_buddy_buddy_change.gif
official-recovered-assets\_download_log.csv,.csv,http://www.millsberry.com:80/images/site_gfx/header_gfx/title_inventory.gif
official-recovered-assets\_download_log.csv,.csv,http://www.millsberry.com:80/images/site_gfx/header_stripe.gif
official-recovered-assets\_download_log.csv,.csv,http://www.millsberry.com:80/images/site_gfx/hi_score_tab_v1.gif
official-recovered-assets\_download_log.csv,.csv,http://www.millsberry.com:80/images/site_gfx/interiors/gazette/ads/ad_arcade_matchwanted.gif
official-recovered-assets\_download_log.csv,.csv,http://www.millsberry.com:80/images/site_gfx/interiors/gazette/ads/ad_bank_1_v1.gif
official-recovered-assets\_download_log.csv,.csv,http://www.millsberry.com:80/images/site_gfx/interiors/gazette/ads/ad_charmhint_4_v1.gif
official-recovered-assets\_download_log.csv,.csv,http://www.millsberry.com:80/images/site_gfx/interiors/gazette/ads/ad_charmreminder_1_v1.gif
official-recovered-assets\_download_log.csv,.csv,http://www.millsberry.com:80/images/site_gfx/interiors/gazette/ads/ad_grocerystore_2_v1.gif
official-recovered-assets\_download_log.csv,.csv,http://www.millsberry.com:80/images/site_gfx/interiors/gazette/ads/ad_healthtip_1.gif
official-recovered-assets\_download_log.csv,.csv,http://www.millsberry.com:80/images/site_gfx/interiors/gazette/ads/ad_verbnow_2_v1.gif
official-recovered-assets\_download_log.csv,.csv,http://www.millsberry.com:80/images/site_gfx/interiors/gazette/news_hardware_2_v2.gif
official-recovered-assets\_download_log.csv,.csv,http://www.millsberry.com:80/images/site_gfx/interiors/gazette/news_thanksgiving_1_v1.gif
official-recovered-assets\_download_log.csv,.csv,http://www.millsberry.com:80/images/site_gfx/interiors/gazette/news_toystore_2_v1.gif
official-recovered-assets\_download_log.csv,.csv,http://www.millsberry.com:80/images/site_gfx/interiors/gazette/news_winter_2_v1.gif
official-recovered-assets\_download_log.csv,.csv,http://www.millsberry.com:80/images/site_gfx/interiors/int_arcade_v1.swf
official-recovered-assets\_download_log.csv,.csv,http://www.millsberry.com:80/images/site_gfx/interiors/int_classroom_v11.swf?hideTrixRabbit=1
official-recovered-assets\_download_log.csv,.csv,http://www.millsberry.com:80/images/site_gfx/interiors/int_classroom_v3.swf
official-recovered-assets\_download_log.csv,.csv,http://www.millsberry.com:80/images/site_gfx/interiors/int_classroom_v5.swf?hideTrixRabbit=1
official-recovered-assets\_download_log.csv,.csv,http://www.millsberry.com:80/images/site_gfx/interiors/int_entertainment_v3.swf
official-recovered-assets\_download_log.csv,.csv,http://www.millsberry.com:80/images/site_gfx/interiors/int_ext_com_center.swf
official-recovered-assets\_download_log.csv,.csv,http://www.millsberry.com:80/images/site_gfx/interiors/int_gym_v1.swf
official-recovered-assets\_download_log.csv,.csv,http://www.millsberry.com:80/images/site_gfx/interiors/int_hallway_v11.swf
official-recovered-assets\_download_log.csv,.csv,http://www.millsberry.com:80/images/site_gfx/interiors/int_hallway_v3.swf
official-recovered-assets\_download_log.csv,.csv,http://www.millsberry.com:80/images/site_gfx/interiors/int_hist_soc_v1.swf
official-recovered-assets\_download_log.csv,.csv,http://www.millsberry.com:80/images/site_gfx/interiors/int_hist_soc_v4.swf
official-recovered-assets\_download_log.csv,.csv,http://www.millsberry.com:80/images/site_gfx/interiors/int_millsacademy_v2.swf
official-recovered-assets\_download_log.csv,.csv,http://www.millsberry.com:80/images/site_gfx/interiors/int_millsacademy_v3.swf
official-recovered-assets\_download_log.csv,.csv,http://www.millsberry.com:80/images/site_gfx/interiors/int_millsacademy_v5.swf
official-recovered-assets\_download_log.csv,.csv,http://www.millsberry.com:80/images/site_gfx/interiors/int_park_v5.swf
official-recovered-assets\_download_log.csv,.csv,http://www.millsberry.com:80/images/site_gfx/interiors/int_park_v7.swf
official-recovered-assets\_download_log.csv,.csv,http://www.millsberry.com:80/images/site_gfx/interiors/int_park_v9.swf
official-recovered-assets\_download_log.csv,.csv,http://www.millsberry.com:80/images/site_gfx/interiors/int_police_v1.swf
official-recovered-assets\_download_log.csv,.csv,http://www.millsberry.com:80/images/site_gfx/interiors/int_townhall_v4.swf?iMinutesToday=1172
official-recovered-assets\_download_log.csv,.csv,http://www.millsberry.com:80/images/site_gfx/interiors/int_townhall_v5.swf
official-recovered-assets\_download_log.csv,.csv,http://www.millsberry.com:80/images/site_gfx/mapbutton.gif
official-recovered-assets\_download_log.csv,.csv,http://www.millsberry.com:80/images/site_gfx/mapbutton_down.gif
official-recovered-assets\_download_log.csv,.csv,http://www.millsberry.com:80/images/site_gfx/mapbutton_over.gif
official-recovered-assets\_download_log.csv,.csv,http://www.millsberry.com:80/images/site_gfx/maps/downtown_v15.swf
official-recovered-assets\_download_log.csv,.csv,http://www.millsberry.com:80/images/site_gfx/maps/downtown_v18.swf
official-recovered-assets\_download_log.csv,.csv,http://www.millsberry.com:80/images/site_gfx/maps/mainmap_v10.swf
official-recovered-assets\_download_log.csv,.csv,http://www.millsberry.com:80/images/site_gfx/maps/mainmap_v12.swf
official-recovered-assets\_download_log.csv,.csv,http://www.millsberry.com:80/images/site_gfx/maps/mainmap_v18.swf
official-recovered-assets\_download_log.csv,.csv,http://www.millsberry.com:80/images/site_gfx/maps/mainmap_v7.swf
official-recovered-assets\_download_log.csv,.csv,http://www.millsberry.com:80/images/site_gfx/next.gif
official-recovered-assets\_download_log.csv,.csv,http://www.millsberry.com:80/images/site_gfx/next_down.gif
official-recovered-assets\_download_log.csv,.csv,http://www.millsberry.com:80/images/site_gfx/next_over.gif
official-recovered-assets\_download_log.csv,.csv,http://www.millsberry.com:80/images/site_gfx/play.gif
official-recovered-assets\_download_log.csv,.csv,http://www.millsberry.com:80/images/site_gfx/play_down.gif
official-recovered-assets\_download_log.csv,.csv,http://www.millsberry.com:80/images/site_gfx/play_over.gif
official-recovered-assets\dev.millsberry.com\20060613154435__6LGK3TQPTF5DTCSI4PQTNBLZCAZ5UKG4__robots.txt,.txt,/lbstatus.phtml
official-recovered-assets\dev.millsberry.com\20060613154435__6LGK3TQPTF5DTCSI4PQTNBLZCAZ5UKG4__robots.txt,.txt,/poolinfo.phtml
official-recovered-assets\dev.millsberry.com\20060613154435__6LGK3TQPTF5DTCSI4PQTNBLZCAZ5UKG4__robots.txt,.txt,/poolstatus.phtml
official-recovered-assets\dev.millsberry.com\20060903155334__6N76TEVBSMKCTZ7JEDCBUGDIOQTTJAS5__common.js,.js,/process_shortcut.phtml?action=add&url=
official-recovered-assets\dev.millsberry.com\20061115150637__BTQVT2JRZ5MS343DWOSF4GLOKHMBCWD6__common__q1865735092.js,.js,/process_shortcut.phtml?action=add&url=
official-recovered-assets\dev2.millsberry.com\20061105234712__HRFLPLBOTXDEUKWQA6EI5SWDVPUE5MUN__robots.txt,.txt,/lbstatus.phtml
official-recovered-assets\dev2.millsberry.com\20061105234712__HRFLPLBOTXDEUKWQA6EI5SWDVPUE5MUN__robots.txt,.txt,/poolinfo.phtml
official-recovered-assets\dev2.millsberry.com\20061105234712__HRFLPLBOTXDEUKWQA6EI5SWDVPUE5MUN__robots.txt,.txt,/poolstatus.phtml
official-recovered-assets\millsberry.com\20100102003359__AG4PJSLI2FSNGTY3S6YBD7T5RJJN5RM4__common__q292146443.js,.js,/process_buddy_list.phtml?action=add&item_name=
official-recovered-assets\millsberry.com\20100102003359__AG4PJSLI2FSNGTY3S6YBD7T5RJJN5RM4__common__q292146443.js,.js,/process_shortcut.phtml?action=add&item_key=
official-recovered-assets\millsberry.com\20100102003359__AG4PJSLI2FSNGTY3S6YBD7T5RJJN5RM4__common__q863148263.js,.js,/process_buddy_list.phtml?action=add&item_name=
official-recovered-assets\millsberry.com\20100102003359__AG4PJSLI2FSNGTY3S6YBD7T5RJJN5RM4__common__q863148263.js,.js,/process_shortcut.phtml?action=add&item_key=
official-recovered-assets\www.honeydefender.millsberry.com\20130717023855__UOFS5NFGZ5R7ZCZUDC7EWK6EHBQAOSS7__robots.txt,.txt,//archive.org/sitemap/sitemap.xml
official-recovered-assets\www.honeydefender.millsberry.com\20130717023855__UOFS5NFGZ5R7ZCZUDC7EWK6EHBQAOSS7__robots.txt,.txt,http://archive.org/sitemap/sitemap.xml
official-recovered-assets\www.luckycharms.millsberry.com\20060816051212__DTWZRP7SOUDXWBU555BCMSAMWUWQ4HKD__activity_break.js,.js,/activity_break.swf
official-recovered-assets\www.luckycharms.millsberry.com\20130717231309__UOFS5NFGZ5R7ZCZUDC7EWK6EHBQAOSS7__robots.txt,.txt,//archive.org/sitemap/sitemap.xml
official-recovered-assets\www.luckycharms.millsberry.com\20130717231309__UOFS5NFGZ5R7ZCZUDC7EWK6EHBQAOSS7__robots.txt,.txt,http://archive.org/sitemap/sitemap.xml
official-recovered-assets\www.millsberry.com\20061206000602__BTQVT2JRZ5MS343DWOSF4GLOKHMBCWD6__common__q1865735092.js,.js,/process_shortcut.phtml?action=add&url=
official-recovered-assets\www.millsberry.com\20061206000602__BTQVT2JRZ5MS343DWOSF4GLOKHMBCWD6__common__q205988025.js,.js,/process_shortcut.phtml?action=add&url=
official-recovered-assets\www.millsberry.com\20070101160759__BOXQC5QKYA3ZV5ZO5ZLBGZ6X52NBG6E6__common.js,.js,/process_shortcut.phtml?action=add&url=
official-recovered-assets\www.millsberry.com\20070301224330__BOXQC5QKYA3ZV5ZO5ZLBGZ6X52NBG6E6__common__q299651151.js,.js,/process_shortcut.phtml?action=add&url=
official-recovered-assets\www.millsberry.com\20070301224330__BOXQC5QKYA3ZV5ZO5ZLBGZ6X52NBG6E6__common__q644360500.js,.js,/process_shortcut.phtml?action=add&url=
official-recovered-assets\www.sillyrabbit.millsberry.com\20050307230028__25B3IFY6SOKDVXEGVDL55BYKWHUKKF2F__flash_detection.js,.js,flashAnim.swf
official-recovered-assets\www.sillyrabbit.millsberry.com\20050308101719__V5QHVNUJPYHKTJNX7A4SPFTKP7GAZ3UM__TrixSplash-v3.swf,.swf,http://www.millsberry.com
official-recovered-assets\www.sillyrabbit.millsberry.com\20050308101719__V5QHVNUJPYHKTJNX7A4SPFTKP7GAZ3UM__TrixSplash-v3.swf,.swf,tracking/fiesta.swf
official-recovered-assets\www.sillyrabbit.millsberry.com\20050308101719__V5QHVNUJPYHKTJNX7A4SPFTKP7GAZ3UM__TrixSplash-v3.swf,.swf,tracking/millsberry.swf
official-recovered-assets\www.sillyrabbit.millsberry.com\20050308101719__V5QHVNUJPYHKTJNX7A4SPFTKP7GAZ3UM__TrixSplash-v3.swf,.swf,tracking/sra.swf
official-recovered-assets\www.sillyrabbit.millsberry.com\20060805110135__BY6UVVZHETQXIKDCV2HAX4UVOLY7ORWF__activity_break.js,.js,/activity_break.swf
official-recovered-assets\www.sillyrabbit.millsberry.com\adventures\20050307091353__25B3IFY6SOKDVXEGVDL55BYKWHUKKF2F__flash_detection.js,.js,flashAnim.swf
official-recovered-assets\www.sillyrabbit.millsberry.com\adventures\20050412134416__7HOT7YTQA6RWYTZCHDFYJBNAVXVOYIYD__Home_Source.swf,.swf,clean/ahah_new.swf
official-recovered-assets\www.sillyrabbit.millsberry.com\adventures\20050412134416__7HOT7YTQA6RWYTZCHDFYJBNAVXVOYIYD__Home_Source.swf,.swf,clean/chasingrabbit.swf
official-recovered-assets\www.sillyrabbit.millsberry.com\adventures\20050412134416__7HOT7YTQA6RWYTZCHDFYJBNAVXVOYIYD__Home_Source.swf,.swf,clean/endScene.swf
official-recovered-assets\www.sillyrabbit.millsberry.com\adventures\20050412134416__7HOT7YTQA6RWYTZCHDFYJBNAVXVOYIYD__Home_Source.swf,.swf,clean/farmer.swf
official-recovered-assets\www.sillyrabbit.millsberry.com\adventures\20050412134416__7HOT7YTQA6RWYTZCHDFYJBNAVXVOYIYD__Home_Source.swf,.swf,clean/planting2.swf
official-recovered-assets\www.sillyrabbit.millsberry.com\adventures\20050412134416__7HOT7YTQA6RWYTZCHDFYJBNAVXVOYIYD__Home_Source.swf,.swf,clean/rabbiteating.swf
official-recovered-assets\www.sillyrabbit.millsberry.com\adventures\20050412134416__7HOT7YTQA6RWYTZCHDFYJBNAVXVOYIYD__Home_Source.swf,.swf,clean/scarecrow.swf
official-recovered-assets\www.sillyrabbit.millsberry.com\adventures\20050412134416__7HOT7YTQA6RWYTZCHDFYJBNAVXVOYIYD__Home_Source.swf,.swf,clean/snickering2.swf
official-recovered-assets\www.sillyrabbit.millsberry.com\adventures\20050412134416__7HOT7YTQA6RWYTZCHDFYJBNAVXVOYIYD__Home_Source.swf,.swf,clean/sports_new.swf
official-recovered-assets\www.sillyrabbit.millsberry.com\derby\20060708213247__25B3IFY6SOKDVXEGVDL55BYKWHUKKF2F__flash_detection.js,.js,flashAnim.swf
official-recovered-assets\www.sillyrabbit.millsberry.com\halloween\20051215220530__25B3IFY6SOKDVXEGVDL55BYKWHUKKF2F__flash_detection.js,.js,flashAnim.swf
official-recovered-assets\www.sillyrabbit.millsberry.com\sillyscientist\20060707203253__25B3IFY6SOKDVXEGVDL55BYKWHUKKF2F__flash_detection.js,.js,flashAnim.swf
official-recovered-assets\www.sillyrabbit.millsberry.com\spalding\20070219143841__3JRENSP42GUSWALQNZFNQ2JRSSM5XFME__flash_detection.js,.js,flashAnim.swf
official-recovered-assets\www.sillyrabbit.millsberry.com\travel\20050307045755__25B3IFY6SOKDVXEGVDL55BYKWHUKKF2F__flash_detection.js,.js,flashAnim.swf
official-recovered-assets\www.millsberry.com\css\20060403153851__ZT5ZLN6I5ODGZPUJVW4VKEY4HLRQ4366__ie.css,.css,http://graphics.millsberry.com/site_gfx/layout/title_logo.png
official-recovered-assets\www.millsberry.com\css\20060403153851__ZT5ZLN6I5ODGZPUJVW4VKEY4HLRQ4366__ie.css,.css,http://graphics.millsberry.com/site_gfx/nav/nav_go.png
official-recovered-assets\www.millsberry.com\css\20060403153851__ZT5ZLN6I5ODGZPUJVW4VKEY4HLRQ4366__ie.css,.css,http://graphics.millsberry.com/site_gfx/nav/nav_minus.png
official-recovered-assets\www.millsberry.com\css\20060403153851__ZT5ZLN6I5ODGZPUJVW4VKEY4HLRQ4366__ie.css,.css,http://graphics.millsberry.com/site_gfx/nav/nav_plus.png
official-recovered-assets\www.millsberry.com\css\20060403153859__XPMHT5QHYU7ZKLFRBNB26OJAF5NXG4EQ__template.css,.css,http://graphics.millsberry.com/site_gfx/layout/body_bg.gif
official-recovered-assets\www.millsberry.com\css\20060403153859__XPMHT5QHYU7ZKLFRBNB26OJAF5NXG4EQ__template.css,.css,http://graphics.millsberry.com/site_gfx/layout/title_logo.png
official-recovered-assets\www.millsberry.com\css\20060403153859__XPMHT5QHYU7ZKLFRBNB26OJAF5NXG4EQ__template.css,.css,http://graphics.millsberry.com/site_gfx/nav/nav_go.png
official-recovered-assets\www.millsberry.com\css\20060403153859__XPMHT5QHYU7ZKLFRBNB26OJAF5NXG4EQ__template.css,.css,http://graphics.millsberry.com/site_gfx/nav/nav_hover.gif
official-recovered-assets\www.millsberry.com\css\20060403153859__XPMHT5QHYU7ZKLFRBNB26OJAF5NXG4EQ__template.css,.css,http://graphics.millsberry.com/site_gfx/nav/nav_minus.png
official-recovered-assets\www.millsberry.com\css\20060403153859__XPMHT5QHYU7ZKLFRBNB26OJAF5NXG4EQ__template.css,.css,http://graphics.millsberry.com/site_gfx/nav/nav_plus.png
official-recovered-assets\www.millsberry.com\css\20060403153859__XPMHT5QHYU7ZKLFRBNB26OJAF5NXG4EQ__template.css,.css,http://graphics.millsberry.com/site_gfx/nav/stripe_hover.gif
official-recovered-assets\www.millsberry.com\js\20071011213333__YI3LCAVJRKXVQTWI4W62O4NNAETA3N6X__swfobject.js,.js,expressinstall.swf
official-recovered-assets\www.millsberry.com\images\site_gfx\interiors\20041207131352__DR53G2M6HNJEXSIWGTIWXUSKT3OJ3257__int_entertainment_v3.swf,.swf,../shop.phtml?shop_id=5
official-recovered-assets\www.millsberry.com\images\site_gfx\interiors\20041207131352__DR53G2M6HNJEXSIWGTIWXUSKT3OJ3257__int_entertainment_v3.swf,.swf,./arcade.phtml
official-recovered-assets\www.millsberry.com\images\site_gfx\interiors\20041207131352__DR53G2M6HNJEXSIWGTIWXUSKT3OJ3257__int_entertainment_v3.swf,.swf,./theater.phtml
official-recovered-assets\www.millsberry.com\images\site_gfx\interiors\20041229223612__VY44LOPFQQJYBPOPFXVLSPNBHMJK2UVS__int_park_v7.swf,.swf,../gamepages/flashgame_ctp.phtml?game_id=19
official-recovered-assets\www.millsberry.com\css\theme\20060403153851__DSRTJLL72QCMRXSJQUIESJEEKWK3YDAT__royal.css,.css,http://graphics.millsberry.com/site_gfx/layout/shadow_body_1.gif
official-recovered-assets\www.millsberry.com\css\theme\20060403153851__DSRTJLL72QCMRXSJQUIESJEEKWK3YDAT__royal.css,.css,http://graphics.millsberry.com/site_gfx/layout/shadow_bottom_1.gif
official-recovered-assets\www.millsberry.com\css\theme\20060403153851__DSRTJLL72QCMRXSJQUIESJEEKWK3YDAT__royal.css,.css,http://graphics.millsberry.com/site_gfx/layout/shadow_top_1.gif
official-recovered-assets\www.luckycharmsfun.millsberry.com\chocolate\20050307090339__25B3IFY6SOKDVXEGVDL55BYKWHUKKF2F__flash_detection.js,.js,flashAnim.swf
official-recovered-assets\www.luckycharmsfun.millsberry.com\chocolate\20050515042130__AMH5YZ7XNVBRYZONI5KHRASZ6CWMVNU5__main.swf,.swf,game.swf
official-recovered-assets\www.luckycharmsfun.millsberry.com\chocolate\20050515042130__AMH5YZ7XNVBRYZONI5KHRASZ6CWMVNU5__main.swf,.swf,homepage_loaded.swf
official-recovered-assets\www.luckycharmsfun.millsberry.com\chocolate\20050515042130__AMH5YZ7XNVBRYZONI5KHRASZ6CWMVNU5__main.swf,.swf,how_play.swf
official-recovered-assets\www.luckycharmsfun.millsberry.com\chocolate\20050515042130__AMH5YZ7XNVBRYZONI5KHRASZ6CWMVNU5__main.swf,.swf,http://www.millsberry.com
official-recovered-assets\www.luckycharmsfun.millsberry.com\chocolate\20050515042130__AMH5YZ7XNVBRYZONI5KHRASZ6CWMVNU5__main.swf,.swf,legal.swf
official-recovered-assets\www.luckycharmsfun.millsberry.com\chocolate\20050515042130__AMH5YZ7XNVBRYZONI5KHRASZ6CWMVNU5__main.swf,.swf,luckycharmsfun.swf
official-recovered-assets\www.luckycharmsfun.millsberry.com\chocolate\20050515042130__AMH5YZ7XNVBRYZONI5KHRASZ6CWMVNU5__main.swf,.swf,millsberry.swf
official-recovered-assets\www.luckycharmsfun.millsberry.com\chocolate\20050515042130__AMH5YZ7XNVBRYZONI5KHRASZ6CWMVNU5__main.swf,.swf,play_game.swf
official-recovered-assets\www.luckycharmsfun.millsberry.com\chocolate\20050515042130__AMH5YZ7XNVBRYZONI5KHRASZ6CWMVNU5__main.swf,.swf,polaroid_button.swf
official-recovered-assets\www.luckycharmsfun.millsberry.com\chocolate\20050515042130__AMH5YZ7XNVBRYZONI5KHRASZ6CWMVNU5__main.swf,.swf,polaroid_downloaded.swf
official-recovered-assets\www.luckycharmsfun.millsberry.com\chocolate\20050515042130__AMH5YZ7XNVBRYZONI5KHRASZ6CWMVNU5__main.swf,.swf,privacy.swf
official-recovered-assets\www.luckycharmsfun.millsberry.com\chocolate\20050515042130__AMH5YZ7XNVBRYZONI5KHRASZ6CWMVNU5__main.swf,.swf,sendfriend.swf
official-recovered-assets\www.luckycharmsfun.millsberry.com\chocolate\20050515042130__AMH5YZ7XNVBRYZONI5KHRASZ6CWMVNU5__main.swf,.swf,sound.swf
official-recovered-assets\www.luckycharmsfun.millsberry.com\includes\20050404112403__25B3IFY6SOKDVXEGVDL55BYKWHUKKF2F__flash_detection.js,.js,flashAnim.swf
official-recovered-assets\www.luckycharmsfun.millsberry.com\legend\20050307225032__25B3IFY6SOKDVXEGVDL55BYKWHUKKF2F__flash_detection.js,.js,flashAnim.swf
official-recovered-assets\www.luckycharmsfun.millsberry.com\magic\20050322063659__25B3IFY6SOKDVXEGVDL55BYKWHUKKF2F__flash_detection.js,.js,flashAnim.swf
official-recovered-assets\www.luckycharms.millsberry.com\chocolate\20060622005141__25B3IFY6SOKDVXEGVDL55BYKWHUKKF2F__flash_detection.js,.js,flashAnim.swf
official-recovered-assets\www.luckycharms.millsberry.com\chocolate\20060622005233__IZNSUZIBYD25CY7VFVOKJ5NZ3JH5LDLM__main.swf,.swf,game.swf
official-recovered-assets\www.luckycharms.millsberry.com\chocolate\20060622005233__IZNSUZIBYD25CY7VFVOKJ5NZ3JH5LDLM__main.swf,.swf,homepage_loaded.swf
official-recovered-assets\www.luckycharms.millsberry.com\chocolate\20060622005233__IZNSUZIBYD25CY7VFVOKJ5NZ3JH5LDLM__main.swf,.swf,how_play.swf
official-recovered-assets\www.luckycharms.millsberry.com\chocolate\20060622005233__IZNSUZIBYD25CY7VFVOKJ5NZ3JH5LDLM__main.swf,.swf,http://www.millsberry.com
official-recovered-assets\www.luckycharms.millsberry.com\chocolate\20060622005233__IZNSUZIBYD25CY7VFVOKJ5NZ3JH5LDLM__main.swf,.swf,legal.swf
official-recovered-assets\www.luckycharms.millsberry.com\chocolate\20060622005233__IZNSUZIBYD25CY7VFVOKJ5NZ3JH5LDLM__main.swf,.swf,luckycharmsfun.swf
official-recovered-assets\www.luckycharms.millsberry.com\chocolate\20060622005233__IZNSUZIBYD25CY7VFVOKJ5NZ3JH5LDLM__main.swf,.swf,millsberry.swf
official-recovered-assets\www.luckycharms.millsberry.com\chocolate\20060622005233__IZNSUZIBYD25CY7VFVOKJ5NZ3JH5LDLM__main.swf,.swf,play_game.swf
official-recovered-assets\www.luckycharms.millsberry.com\chocolate\20060622005233__IZNSUZIBYD25CY7VFVOKJ5NZ3JH5LDLM__main.swf,.swf,polaroid_button.swf
official-recovered-assets\www.luckycharms.millsberry.com\chocolate\20060622005233__IZNSUZIBYD25CY7VFVOKJ5NZ3JH5LDLM__main.swf,.swf,polaroid_downloaded.swf
official-recovered-assets\www.luckycharms.millsberry.com\chocolate\20060622005233__IZNSUZIBYD25CY7VFVOKJ5NZ3JH5LDLM__main.swf,.swf,privacy.swf
official-recovered-assets\www.luckycharms.millsberry.com\chocolate\20060622005233__IZNSUZIBYD25CY7VFVOKJ5NZ3JH5LDLM__main.swf,.swf,sendfriend.swf
official-recovered-assets\www.luckycharms.millsberry.com\chocolate\20060622005233__IZNSUZIBYD25CY7VFVOKJ5NZ3JH5LDLM__main.swf,.swf,sound.swf
official-recovered-assets\www.luckycharms.millsberry.com\crystalball\20070106111946__3JRENSP42GUSWALQNZFNQ2JRSSM5XFME__flash_detection.js,.js,flashAnim.swf
official-recovered-assets\www.luckycharms.millsberry.com\legend\20060101015946__25B3IFY6SOKDVXEGVDL55BYKWHUKKF2F__flash_detection.js,.js,flashAnim.swf
official-recovered-assets\www.luckycharms.millsberry.com\magic\20060622005343__25B3IFY6SOKDVXEGVDL55BYKWHUKKF2F__flash_detection.js,.js,flashAnim.swf
official-recovered-assets\www.honeydefender.millsberry.com\data\20110519224920__PJLARVY46TYTZMZAN5GTG4JSJVJB5MHL__honeydefender.xml,.xml,assets/archive/archive_buzzadv.swf
official-recovered-assets\www.honeydefender.millsberry.com\data\20110519224920__PJLARVY46TYTZMZAN5GTG4JSJVJB5MHL__honeydefender.xml,.xml,assets/archive/archive_buzzdecoder.swf
official-recovered-assets\www.honeydefender.millsberry.com\data\20110519224920__PJLARVY46TYTZMZAN5GTG4JSJVJB5MHL__honeydefender.xml,.xml,assets/archive/archive_comiccreator.swf
official-recovered-assets\www.honeydefender.millsberry.com\data\20110519224920__PJLARVY46TYTZMZAN5GTG4JSJVJB5MHL__honeydefender.xml,.xml,assets/archive/archive_greenhouse.swf
official-recovered-assets\www.honeydefender.millsberry.com\data\20110519224920__PJLARVY46TYTZMZAN5GTG4JSJVJB5MHL__honeydefender.xml,.xml,assets/archive/archive_honeybust.swf
official-recovered-assets\www.honeydefender.millsberry.com\data\20110519224920__PJLARVY46TYTZMZAN5GTG4JSJVJB5MHL__honeydefender.xml,.xml,assets/archive/archive_honeydefender.swf
official-recovered-assets\www.honeydefender.millsberry.com\data\20110519224920__PJLARVY46TYTZMZAN5GTG4JSJVJB5MHL__honeydefender.xml,.xml,assets/archive/archive_honeyhero.swf
official-recovered-assets\www.honeydefender.millsberry.com\data\20110519224920__PJLARVY46TYTZMZAN5GTG4JSJVJB5MHL__honeydefender.xml,.xml,assets/archive/archive_honeywaytrain.swf
official-recovered-assets\www.honeydefender.millsberry.com\data\20110519224920__PJLARVY46TYTZMZAN5GTG4JSJVJB5MHL__honeydefender.xml,.xml,assets/archive/archive_savethehoney.swf
official-recovered-assets\www.honeydefender.millsberry.com\data\20110519224920__PJLARVY46TYTZMZAN5GTG4JSJVJB5MHL__honeydefender.xml,.xml,assets/archive/archive_thechase.swf
official-recovered-assets\www.honeydefender.millsberry.com\data\20110519224920__PJLARVY46TYTZMZAN5GTG4JSJVJB5MHL__honeydefender.xml,.xml,assets/featured/feature_decoder.swf
official-recovered-assets\www.honeydefender.millsberry.com\data\20110519224920__PJLARVY46TYTZMZAN5GTG4JSJVJB5MHL__honeydefender.xml,.xml,http://www.honeydefender.millsberry.com]]
official-recovered-assets\www.honeydefender.millsberry.com\data\20110519224920__PJLARVY46TYTZMZAN5GTG4JSJVJB5MHL__honeydefender.xml,.xml,http://www.millsberry.com/greenhouse/]]
official-recovered-assets\www.honeydefender.millsberry.com\js\20110128214518__LBD62EA7KXKRYU2TRJYHRFY6PXUPWZ3C__swfobject.js,.js,Y.swf
official-recovered-assets\millsberry.com\css\20060614131759__J3JL7QS4ZHBXEUINQY6WLTRZVTGLEX6F__template__q299651151.css,.css,http://graphics.millsberry.com/site_gfx/layout/body_bg.gif
official-recovered-assets\millsberry.com\css\20060614131759__J3JL7QS4ZHBXEUINQY6WLTRZVTGLEX6F__template__q299651151.css,.css,http://graphics.millsberry.com/site_gfx/layout/title_logo.png
official-recovered-assets\millsberry.com\css\20060614131759__J3JL7QS4ZHBXEUINQY6WLTRZVTGLEX6F__template__q299651151.css,.css,http://graphics.millsberry.com/site_gfx/nav/nav_go.png
official-recovered-assets\millsberry.com\css\20060614131759__J3JL7QS4ZHBXEUINQY6WLTRZVTGLEX6F__template__q299651151.css,.css,http://graphics.millsberry.com/site_gfx/nav/nav_hover.gif
official-recovered-assets\millsberry.com\css\20060614131759__J3JL7QS4ZHBXEUINQY6WLTRZVTGLEX6F__template__q299651151.css,.css,http://graphics.millsberry.com/site_gfx/nav/nav_minus.png
official-recovered-assets\millsberry.com\css\20060614131759__J3JL7QS4ZHBXEUINQY6WLTRZVTGLEX6F__template__q299651151.css,.css,http://graphics.millsberry.com/site_gfx/nav/nav_plus.png
official-recovered-assets\millsberry.com\css\20060614131759__J3JL7QS4ZHBXEUINQY6WLTRZVTGLEX6F__template__q299651151.css,.css,http://graphics.millsberry.com/site_gfx/nav/stripe_hover.gif
official-recovered-assets\millsberry.com\css\20100508145549__TGYRJZD5YQI5DCWIBEM4UYBH2I2FIDLK__template__q103633376.css,.css,http://graphics.millsberry.com/site_gfx/layout/title_logo.png
official-recovered-assets\millsberry.com\css\20100508145549__TGYRJZD5YQI5DCWIBEM4UYBH2I2FIDLK__template__q825212472.css,.css,http://graphics.millsberry.com/site_gfx/layout/title_logo.png
official-recovered-assets\millsberry.com\css\20100508145617__NM2PM5XFZVEL72INPYAMXE5TV2G3V6ZI__index__q299651151.css,.css,http://graphics.millsberry.com/site_gfx/coach_tip.gif
official-recovered-assets\millsberry.com\css\20100508145617__NM2PM5XFZVEL72INPYAMXE5TV2G3V6ZI__index__q299651151.css,.css,http://graphics.millsberry.com/site_gfx/high_scores.gif
official-recovered-assets\millsberry.com\css\20100508145617__NM2PM5XFZVEL72INPYAMXE5TV2G3V6ZI__index__q299651151.css,.css,http://graphics.millsberry.com/site_gfx/home_tours.gif
official-recovered-assets\millsberry.com\css\20100508145617__NM2PM5XFZVEL72INPYAMXE5TV2G3V6ZI__index__q299651151.css,.css,http://graphics.millsberry.com/site_gfx/yard_sales.gif
official-recovered-assets\millsberry.com\css\20100508145617__NM2PM5XFZVEL72INPYAMXE5TV2G3V6ZI__index__q644360500.css,.css,http://graphics.millsberry.com/site_gfx/coach_tip.gif
official-recovered-assets\millsberry.com\css\20100508145617__NM2PM5XFZVEL72INPYAMXE5TV2G3V6ZI__index__q644360500.css,.css,http://graphics.millsberry.com/site_gfx/high_scores.gif
official-recovered-assets\millsberry.com\css\20100508145617__NM2PM5XFZVEL72INPYAMXE5TV2G3V6ZI__index__q644360500.css,.css,http://graphics.millsberry.com/site_gfx/home_tours.gif
official-recovered-assets\millsberry.com\css\20100508145617__NM2PM5XFZVEL72INPYAMXE5TV2G3V6ZI__index__q644360500.css,.css,http://graphics.millsberry.com/site_gfx/yard_sales.gif
official-recovered-assets\millsberry.com\css\jquery\20100508145610__JJ4GAZZPOGSVRUD4JKOFL5I4QW3NQ4FE__jquery-millsberry-css.phtml,.phtml,http://graphics.millsberry.com/site_gfx/login/dlg-login.png);
official-recovered-assets\millsberry.com\css\jquery\20100508145610__JJ4GAZZPOGSVRUD4JKOFL5I4QW3NQ4FE__jquery-millsberry-css.phtml,.phtml,http://graphics.millsberry.com/site_gfx/login/login-input-bg.gif);
official-recovered-assets\millsberry.com\css\jquery\20100508145610__JJ4GAZZPOGSVRUD4JKOFL5I4QW3NQ4FE__jquery-millsberry-css.phtml,.phtml,http://graphics.millsberry.com/site_gfx/registration/bg-suggested-name.gif)
official-recovered-assets\millsberry.com\css\jquery\20100508145610__JJ4GAZZPOGSVRUD4JKOFL5I4QW3NQ4FE__jquery-millsberry-css.phtml,.phtml,http://graphics.millsberry.com/site_gfx/registration/breadcrumb-1.png
official-recovered-assets\millsberry.com\css\jquery\20100508145610__JJ4GAZZPOGSVRUD4JKOFL5I4QW3NQ4FE__jquery-millsberry-css.phtml,.phtml,http://graphics.millsberry.com/site_gfx/registration/breadcrumb-2.png
official-recovered-assets\millsberry.com\css\jquery\20100508145610__JJ4GAZZPOGSVRUD4JKOFL5I4QW3NQ4FE__jquery-millsberry-css.phtml,.phtml,http://graphics.millsberry.com/site_gfx/registration/breadcrumb-3.png
official-recovered-assets\millsberry.com\css\jquery\20100508145610__JJ4GAZZPOGSVRUD4JKOFL5I4QW3NQ4FE__jquery-millsberry-css.phtml,.phtml,http://graphics.millsberry.com/site_gfx/registration/confirmation-bg.png);
official-recovered-assets\millsberry.com\css\jquery\20100508145610__JJ4GAZZPOGSVRUD4JKOFL5I4QW3NQ4FE__jquery-millsberry-css.phtml,.phtml,http://graphics.millsberry.com/site_gfx/registration/customize-buddy-title.png
official-recovered-assets\millsberry.com\css\jquery\20100508145610__JJ4GAZZPOGSVRUD4JKOFL5I4QW3NQ4FE__jquery-millsberry-css.phtml,.phtml,http://graphics.millsberry.com/site_gfx/registration/form-bottom-left.gif)
official-recovered-assets\millsberry.com\css\jquery\20100508145610__JJ4GAZZPOGSVRUD4JKOFL5I4QW3NQ4FE__jquery-millsberry-css.phtml,.phtml,http://graphics.millsberry.com/site_gfx/registration/form-top-right.gif)
official-recovered-assets\millsberry.com\css\jquery\20100508145610__JJ4GAZZPOGSVRUD4JKOFL5I4QW3NQ4FE__jquery-millsberry-css.phtml,.phtml,http://graphics.millsberry.com/site_gfx/registration/intro-createbuddy.png);width:362px;height:54px;}
official-recovered-assets\millsberry.com\css\jquery\20100508145610__JJ4GAZZPOGSVRUD4JKOFL5I4QW3NQ4FE__jquery-millsberry-css.phtml,.phtml,http://graphics.millsberry.com/site_gfx/registration/radiobuttons.gif)
official-recovered-assets\millsberry.com\css\jquery\20100508145610__JJ4GAZZPOGSVRUD4JKOFL5I4QW3NQ4FE__jquery-millsberry-css.phtml,.phtml,http://graphics.millsberry.com/site_gfx/registration/signup-input-dob.gif)
official-recovered-assets\millsberry.com\css\jquery\20100508145610__JJ4GAZZPOGSVRUD4JKOFL5I4QW3NQ4FE__jquery-millsberry-css.phtml,.phtml,http://graphics.millsberry.com/site_gfx/registration/signup-input-dobsmall.gif)
official-recovered-assets\millsberry.com\css\jquery\20100508145610__JJ4GAZZPOGSVRUD4JKOFL5I4QW3NQ4FE__jquery-millsberry-css.phtml,.phtml,http://graphics.millsberry.com/site_gfx/registration/signup-input.gif);background-position:
official-recovered-assets\millsberry.com\css\jquery\20100508145610__JJ4GAZZPOGSVRUD4JKOFL5I4QW3NQ4FE__jquery-millsberry-css.phtml,.phtml,http://graphics.millsberry.com/site_gfx/registration/signup-title.png
official-recovered-assets\millsberry.com\css\jquery\20100508145610__JJ4GAZZPOGSVRUD4JKOFL5I4QW3NQ4FE__jquery-millsberry-css.phtml,.phtml,http://graphics.millsberry.com/site_gfx/registration/step-3-congratulation-bg.png);
official-recovered-assets\millsberry.com\css\jquery\20100508145610__JJ4GAZZPOGSVRUD4JKOFL5I4QW3NQ4FE__jquery-millsberry-css.phtml,.phtml,http://graphics.millsberry.com/site_gfx/registration/tabset-customize-1.gif)
official-recovered-assets\millsberry.com\css\jquery\20100508145610__JJ4GAZZPOGSVRUD4JKOFL5I4QW3NQ4FE__jquery-millsberry-css.phtml,.phtml,http://graphics.millsberry.com/site_gfx/registration/tabset-customize-2.gif)
official-recovered-assets\millsberry.com\css\jquery\20100508145610__JJ4GAZZPOGSVRUD4JKOFL5I4QW3NQ4FE__jquery-millsberry-css.phtml,.phtml,http://graphics.millsberry.com/site_gfx/registration/tour-error-1.gif)
official-recovered-assets\millsberry.com\css\jquery\20100508145610__JJ4GAZZPOGSVRUD4JKOFL5I4QW3NQ4FE__jquery-millsberry-css.phtml,.phtml,http://graphics.millsberry.com/site_gfx/registration/tour-step1.gif)
official-recovered-assets\millsberry.com\css\jquery\20100508145610__JJ4GAZZPOGSVRUD4JKOFL5I4QW3NQ4FE__jquery-millsberry-css.phtml,.phtml,http://graphics.millsberry.com/site_gfx/registration/tour-step2.gif)
official-recovered-assets\millsberry.com\css\jquery\20100508145610__JJ4GAZZPOGSVRUD4JKOFL5I4QW3NQ4FE__jquery-millsberry-css.phtml,.phtml,http://graphics.millsberry.com/site_gfx/registration/traits-select-bg.gif)
official-recovered-assets\millsberry.com\css\jquery\20100508145610__JJ4GAZZPOGSVRUD4JKOFL5I4QW3NQ4FE__jquery-millsberry-css.phtml,.phtml,http://graphics.millsberry.com/site_gfx/registration/wt-3-lines.png);
official-recovered-assets\millsberry.com\css\jquery\20100508145610__JJ4GAZZPOGSVRUD4JKOFL5I4QW3NQ4FE__jquery-millsberry-css.phtml,.phtml,http://graphics.millsberry.com/site_gfx/registration/wt-4-lines.png);
official-recovered-assets\millsberry.com\css\jquery\20100508145610__JJ4GAZZPOGSVRUD4JKOFL5I4QW3NQ4FE__jquery-millsberry-css.phtml,.phtml,http://graphics.millsberry.com/site_gfx/registration/wt-6-lines.png);
official-recovered-assets\millsberry.com\css\jquery\20100508145610__JJ4GAZZPOGSVRUD4JKOFL5I4QW3NQ4FE__jquery-millsberry-css.phtml,.phtml,http://graphics.millsberry.com/site_gfx/registration/wt-bg-goto-millsberry-home.jpg
official-recovered-assets\millsberry.com\css\jquery\20100508145610__JJ4GAZZPOGSVRUD4JKOFL5I4QW3NQ4FE__jquery-millsberry-css.phtml,.phtml,http://graphics.millsberry.com/site_gfx/registration/wt-step1-privacy-policy.png);
official-recovered-assets\millsberry.com\css\jquery\20100508145610__JJ4GAZZPOGSVRUD4JKOFL5I4QW3NQ4FE__jquery-millsberry-css.phtml,.phtml,http://graphics.millsberry.com/site_gfx/registration/wt-step1-terms-conditions.png);
official-recovered-assets\millsberry.com\css\jquery\20100508145610__JJ4GAZZPOGSVRUD4JKOFL5I4QW3NQ4FE__jquery-millsberry-css.phtml,.phtml,http://graphics.millsberry.com/site_gfx/registration/wt-step2-gender_man_a.gif)
official-recovered-assets\millsberry.com\css\jquery\20100508145610__JJ4GAZZPOGSVRUD4JKOFL5I4QW3NQ4FE__jquery-millsberry-css.phtml,.phtml,http://graphics.millsberry.com/site_gfx/registration/wt-step2-gender_man_d.gif)
official-recovered-assets\millsberry.com\css\jquery\20100508145610__JJ4GAZZPOGSVRUD4JKOFL5I4QW3NQ4FE__jquery-millsberry-css.phtml,.phtml,http://graphics.millsberry.com/site_gfx/registration/wt-step2-gender_women_a.gif)
official-recovered-assets\millsberry.com\css\jquery\20100508145610__JJ4GAZZPOGSVRUD4JKOFL5I4QW3NQ4FE__jquery-millsberry-css.phtml,.phtml,http://graphics.millsberry.com/site_gfx/registration/wt-step2-gender_women_d.gif)
official-recovered-assets\millsberry.com\css\theme\20060614131833__FSAGR3VU6HEFNCFLNBJQXCGT6FYNFBBU__royal__q299651151.css,.css,http://graphics.millsberry.com/site_gfx/layout/shadow_body_1.gif
official-recovered-assets\millsberry.com\css\theme\20060614131833__FSAGR3VU6HEFNCFLNBJQXCGT6FYNFBBU__royal__q299651151.css,.css,http://graphics.millsberry.com/site_gfx/layout/shadow_bottom_1.gif
official-recovered-assets\millsberry.com\css\theme\20060614131833__FSAGR3VU6HEFNCFLNBJQXCGT6FYNFBBU__royal__q299651151.css,.css,http://graphics.millsberry.com/site_gfx/layout/shadow_top_1.gif
official-recovered-assets\millsberry.com\css\theme\20060614131833__FSAGR3VU6HEFNCFLNBJQXCGT6FYNFBBU__royal__q644360500.css,.css,http://graphics.millsberry.com/site_gfx/layout/shadow_body_1.gif
official-recovered-assets\millsberry.com\css\theme\20060614131833__FSAGR3VU6HEFNCFLNBJQXCGT6FYNFBBU__royal__q644360500.css,.css,http://graphics.millsberry.com/site_gfx/layout/shadow_bottom_1.gif
official-recovered-assets\millsberry.com\css\theme\20060614131833__FSAGR3VU6HEFNCFLNBJQXCGT6FYNFBBU__royal__q644360500.css,.css,http://graphics.millsberry.com/site_gfx/layout/shadow_top_1.gif
official-recovered-assets\millsberry.com\css\theme\20100508145543__CAHO6XWR3PHYLNSBINBI3Y4VESVC2U3N__royal__q863148263.phtml,.phtml,http://graphics.millsberry.com/site_gfx/layout/layoutBodyBackground.gif
official-recovered-assets\millsberry.com\css\theme\20100508145543__CAHO6XWR3PHYLNSBINBI3Y4VESVC2U3N__royal__q863148263.phtml,.phtml,http://graphics.millsberry.com/site_gfx/layout/shadow_body_3.gif
official-recovered-assets\millsberry.com\css\theme\20100508145543__CAHO6XWR3PHYLNSBINBI3Y4VESVC2U3N__royal__q863148263.phtml,.phtml,http://graphics.millsberry.com/site_gfx/layout/shadow_bottom_3.gif
official-recovered-assets\millsberry.com\css\theme\20100508145543__CAHO6XWR3PHYLNSBINBI3Y4VESVC2U3N__royal__q863148263.phtml,.phtml,http://graphics.millsberry.com/site_gfx/layout/shadow_top_3.gif
official-recovered-assets\honeydefender.millsberry.com\augmentedreality\xml\20091123205223__GGBNPQUS52GR6APWYI3L3MKBJ44DR6TX__site.xml,.xml,background.swf
official-recovered-assets\honeydefender.millsberry.com\augmentedreality\xml\20091123205223__GGBNPQUS52GR6APWYI3L3MKBJ44DR6TX__site.xml,.xml,help.swf
official-recovered-assets\honeydefender.millsberry.com\augmentedreality\xml\20091123205223__GGBNPQUS52GR6APWYI3L3MKBJ44DR6TX__site.xml,.xml,home.swf
official-recovered-assets\honeydefender.millsberry.com\augmentedreality\xml\20091123205223__GGBNPQUS52GR6APWYI3L3MKBJ44DR6TX__site.xml,.xml,index.swf
official-recovered-assets\honeydefender.millsberry.com\augmentedreality\xml\20091123205223__GGBNPQUS52GR6APWYI3L3MKBJ44DR6TX__site.xml,.xml,nav.swf
official-recovered-assets\honeydefender.millsberry.com\augmentedreality\xml\20091123205223__GGBNPQUS52GR6APWYI3L3MKBJ44DR6TX__site.xml,.xml,step1.swf
official-recovered-assets\honeydefender.millsberry.com\augmentedreality\xml\20091123205223__GGBNPQUS52GR6APWYI3L3MKBJ44DR6TX__site.xml,.xml,step2.swf
official-recovered-assets\honeydefender.millsberry.com\augmentedreality\xml\20091123205223__GGBNPQUS52GR6APWYI3L3MKBJ44DR6TX__site.xml,.xml,step3.swf
official-recovered-assets\honeydefender.millsberry.com\augmentedreality\xml\20091123205223__GGBNPQUS52GR6APWYI3L3MKBJ44DR6TX__site.xml,.xml,trailer.swf
official-recovered-assets\honeydefender.millsberry.com\augmentedreality\xml\20091123205223__GGBNPQUS52GR6APWYI3L3MKBJ44DR6TX__site.xml,.xml,tutorial.swf
official-recovered-assets\graphics.millsberry.com\site_gfx\interiors\20050526184648__35TFYKIVDI6T3IL5CC2Z7I7LZDVNWP67__int_museum_1_v2.swf,.swf,./art_view.phtml?pid=0
official-recovered-assets\graphics.millsberry.com\site_gfx\interiors\20050526184648__35TFYKIVDI6T3IL5CC2Z7I7LZDVNWP67__int_museum_1_v2.swf,.swf,./art_view.phtml?pid=1
official-recovered-assets\graphics.millsberry.com\site_gfx\interiors\20050526184648__35TFYKIVDI6T3IL5CC2Z7I7LZDVNWP67__int_museum_1_v2.swf,.swf,./art_view.phtml?pid=2
official-recovered-assets\graphics.millsberry.com\site_gfx\interiors\20050526184648__35TFYKIVDI6T3IL5CC2Z7I7LZDVNWP67__int_museum_1_v2.swf,.swf,./art_view.phtml?pid=3
official-recovered-assets\graphics.millsberry.com\site_gfx\interiors\20050526184648__35TFYKIVDI6T3IL5CC2Z7I7LZDVNWP67__int_museum_1_v2.swf,.swf,./art_view.phtml?pid=4
official-recovered-assets\graphics.millsberry.com\site_gfx\interiors\20050526184648__35TFYKIVDI6T3IL5CC2Z7I7LZDVNWP67__int_museum_1_v2.swf,.swf,./portraits.phtml
official-recovered-assets\graphics.millsberry.com\site_gfx\interiors\20051211151700__UUFOMOSFI75F3Z3ZYXK3XNAYFTDNCTNO__int_hallway_v14.swf,.swf,../shop.phtml?shop_id=10
official-recovered-assets\graphics.millsberry.com\site_gfx\interiors\20051217180814__V6BQKLLFBZV6XXZHIGNH7GKAWDP7L2WB__int_entertainment_v5.swf,.swf,../shop.phtml?shop_id=5
official-recovered-assets\graphics.millsberry.com\site_gfx\interiors\20051217180814__V6BQKLLFBZV6XXZHIGNH7GKAWDP7L2WB__int_entertainment_v5.swf,.swf,./arcade.phtml
official-recovered-assets\graphics.millsberry.com\site_gfx\interiors\20051217180814__V6BQKLLFBZV6XXZHIGNH7GKAWDP7L2WB__int_entertainment_v5.swf,.swf,./theater.phtml
official-recovered-assets\graphics.millsberry.com\site_gfx\interiors\20060710120616__XCQOPNCV46ITRIBQYLBQPSL4HAL6CNHY__int_entertainment_v6.swf,.swf,/shop.phtml?shop_id=5
official-recovered-assets\graphics.millsberry.com\site_gfx\interiors\20060710120616__XCQOPNCV46ITRIBQYLBQPSL4HAL6CNHY__int_entertainment_v6.swf,.swf,arcade.phtml
official-recovered-assets\graphics.millsberry.com\site_gfx\interiors\20060710120616__XCQOPNCV46ITRIBQYLBQPSL4HAL6CNHY__int_entertainment_v6.swf,.swf,theater.phtml
official-recovered-assets\graphics.millsberry.com\site_gfx\interiors\20060711202030__33MKHATFBEXGTPO7PYNHCERNLARZ2F72__int_museum_v6.swf,.swf,./art_view.phtml?pid=5
official-recovered-assets\graphics.millsberry.com\site_gfx\interiors\20061209002114__VH2XHQLP4KI5DDXKUH5CMSBEPBZ54NU5__int_hallway_v15.swf,.swf,../shop.phtml?shop_id=10
official-recovered-assets\graphics.millsberry.com\site_gfx\interiors\20070104180828__OQPW3MYADAFTODOVCTW5SX2VKT2FO5ZI__int_millsacademy_v14_winter.swf,.swf,hallway.phtml
official-recovered-assets\devgraphics.millsberry.com\game_interiors\20060623081343__55TNN5LQNJAMYGKVYQRPGV6MLOYXCC3A__interior_40_v3__q997810021.swf,.swf,bait_shop.phtml
official-recovered-assets\devgraphics.millsberry.com\site_gfx\interiors\20060620061237__XCQOPNCV46ITRIBQYLBQPSL4HAL6CNHY__int_entertainment_v6__q225158082.swf,.swf,/shop.phtml?shop_id=5
official-recovered-assets\devgraphics.millsberry.com\site_gfx\interiors\20060620061237__XCQOPNCV46ITRIBQYLBQPSL4HAL6CNHY__int_entertainment_v6__q225158082.swf,.swf,arcade.phtml
official-recovered-assets\devgraphics.millsberry.com\site_gfx\interiors\20060620061237__XCQOPNCV46ITRIBQYLBQPSL4HAL6CNHY__int_entertainment_v6__q225158082.swf,.swf,theater.phtml
official-recovered-assets\devgraphics.millsberry.com\site_gfx\interiors\20060711122801__33MKHATFBEXGTPO7PYNHCERNLARZ2F72__int_museum_v6__q1047581810.swf,.swf,./art_view.phtml?pid=5
official-recovered-assets\devgraphics.millsberry.com\site_gfx\interiors\20061030174516__VH2XHQLP4KI5DDXKUH5CMSBEPBZ54NU5__int_hallway_v15__q1993727159.swf,.swf,../shop.phtml?shop_id=10
official-recovered-assets\devgraphics.millsberry.com\site_gfx\interiors\20061112175837__XCQOPNCV46ITRIBQYLBQPSL4HAL6CNHY__int_entertainment_v6__q326655058.swf,.swf,/shop.phtml?shop_id=5
official-recovered-assets\devgraphics.millsberry.com\site_gfx\interiors\20061112175837__XCQOPNCV46ITRIBQYLBQPSL4HAL6CNHY__int_entertainment_v6__q326655058.swf,.swf,arcade.phtml
official-recovered-assets\devgraphics.millsberry.com\site_gfx\interiors\20061112175837__XCQOPNCV46ITRIBQYLBQPSL4HAL6CNHY__int_entertainment_v6__q326655058.swf,.swf,theater.phtml
